CREATE TABLE attachment ( id NUMERIC(19,0) NOT NULL IDENTITY, file_name VARCHAR(100) COLLATE Chinese_PRC_CI_AS, file_path VARCHAR(1000) COLLATE Chinese_PRC_CI_AS, forestrytype_id NUMERIC(19,0), type SMALLINT, type_id NUMERIC(19,0), PRIMARY KEY (id) )
GO
insert into attachment (id, file_name, file_path, forestrytype_id, type, type_id) values (1, '六角大红', 'ljdh.jpg', 1, null, null)
GO
insert into attachment (id, file_name, file_path, forestrytype_id, type, type_id) values (2, '克瑞墨大牡丹', 'krmdmd.jpg', 2, null, null)
GO
insert into attachment (id, file_name, file_path, forestrytype_id, type, type_id) values (3, '越南抱茎茶', 'ynbjc.jpg', 3, null, null)
GO
insert into attachment (id, file_name, file_path, forestrytype_id, type, type_id) values (4, '烈香', 'lx.jpg', 4, null, null)
GO
insert into attachment (id, file_name, file_path, forestrytype_id, type, type_id) values (5, '十八学士', 'sbxs.jpg', 5, null, null)
GO
insert into attachment (id, file_name, file_path, forestrytype_id, type, type_id) values (6, '金花茶', 'jhc.jpg', 6, null, null)
GO
insert into attachment (id, file_name, file_path, forestrytype_id, type, type_id) values (7, '张氏红山茶', 'zshsc.jpg', 7, null, null)
GO
insert into attachment (id, file_name, file_path, forestrytype_id, type, type_id) values (8, '南山茶', 'nsc.jpg', 8, null, null)
GO
insert into attachment (id, file_name, file_path, forestrytype_id, type, type_id) values (9, '并蒂嫦娥', 'bdce001.jpg', 9, null, null)
GO
insert into attachment (id, file_name, file_path, forestrytype_id, type, type_id) values (10, '并蒂嫦娥', 'bdce002.jpg', 9, null, null)
GO
insert into attachment (id, file_name, file_path, forestrytype_id, type, type_id) values (11, '小桃红', 'xth.jpg', 10, null, null)
GO
insert into attachment (id, file_name, file_path, forestrytype_id, type, type_id) values (12, '金盘荔枝', 'jplz.jpg', 11, null, null)
GO
insert into attachment (id, file_name, file_path, forestrytype_id, type, type_id) values (13, '冬星', 'dx.jpg', 12, null, null)
GO
insert into attachment (id, file_name, file_path, forestrytype_id, type, type_id) values (14, '红露珍', 'hlz.jpg', 13, null, null)
GO
insert into attachment (id, file_name, file_path, forestrytype_id, type, type_id) values (15, '黑牡丹', 'hmd.jpg', 14, null, null)
GO
insert into attachment (id, file_name, file_path, forestrytype_id, type, type_id) values (16, '粉芙蓉', 'ffr.jpg', 15, null, null)
GO
insert into attachment (id, file_name, file_path, forestrytype_id, type, type_id) values (17, '紫金冠', 'zjg.jpg', 16, null, null)
GO
insert into attachment (id, file_name, file_path, forestrytype_id, type, type_id) values (18, '红十样锦', 'hsyj.jpg', 17, null, null)
GO
insert into attachment (id, file_name, file_path, forestrytype_id, type, type_id) values (19, '白雪塔', 'bxt.jpg', 18, null, null)
GO
insert into attachment (id, file_name, file_path, forestrytype_id, type, type_id) values (20, '白五色芙蓉', 'bwsfr001.jpg', 19, null, null)
GO
insert into attachment (id, file_name, file_path, forestrytype_id, type, type_id) values (21, '白五色芙蓉', 'bwsfr002.jpg', 19, null, null)
GO
insert into attachment (id, file_name, file_path, forestrytype_id, type, type_id) values (22, '白五色芙蓉', 'bwsfr003.jpg', 19, null, null)
GO
insert into attachment (id, file_name, file_path, forestrytype_id, type, type_id) values (23, '白五色芙蓉', 'bwsfr004.jpg', 19, null, null)
GO
insert into attachment (id, file_name, file_path, forestrytype_id, type, type_id) values (24, '红皮糙果茶(Camellia crapnelliana)', 'hpcgc.jpg', 20, null, null)
GO
insert into attachment (id, file_name, file_path, forestrytype_id, type, type_id) values (25, '四面景+金盘荔枝', 'smjjplz001.jpg', 21, null, null)
GO
insert into attachment (id, file_name, file_path, forestrytype_id, type, type_id) values (26, '四面景+金盘荔枝', 'smjjplz002.jpg', 21, null, null)
GO
insert into attachment (id, file_name, file_path, forestrytype_id, type, type_id) values (27, '粉蝴蝶+白雪塔', 'fhdbxt001.jpg', 22, null, null)
GO
insert into attachment (id, file_name, file_path, forestrytype_id, type, type_id) values (28, '粉蝴蝶+白雪塔', 'fhdbxt002.jpg', 22, null, null)
GO
insert into attachment (id, file_name, file_path, forestrytype_id, type, type_id) values (29, '紫金冠+红露珍+四面景+粉蝴蝶', 'zjghlzsmjfhd001.jpg', 23, null, null)
GO
insert into attachment (id, file_name, file_path, forestrytype_id, type, type_id) values (30, '紫金冠+红露珍+四面景+粉蝴蝶', 'zjghlzsmjfhd002.jpg', 23, null, null)
GO
insert into attachment (id, file_name, file_path, forestrytype_id, type, type_id) values (31, '紫金冠+红露珍+四面景+粉蝴蝶', 'zjghlzsmjfhd003.jpg', 23, null, null)
GO
insert into attachment (id, file_name, file_path, forestrytype_id, type, type_id) values (32, '紫金冠+红露珍+四面景+粉蝴蝶', 'zjghlzsmjfhd004.jpg', 23, null, null)
GO
insert into attachment (id, file_name, file_path, forestrytype_id, type, type_id) values (33, '山茶之都', 'sczd.jpg', 24, null, null)
GO
insert into attachment (id, file_name, file_path, forestrytype_id, type, type_id) values (34, '荷花片', 'hhp.jpg', 25, null, null)
GO
insert into attachment (id, file_name, file_path, forestrytype_id, type, type_id) values (35, '大苞山茶', 'dbsc.jpg', 26, null, null)
GO
insert into attachment (id, file_name, file_path, forestrytype_id, type, type_id) values (36, '阳春红', 'ych.jpg', 27, null, null)
GO
insert into attachment (id, file_name, file_path, forestrytype_id, type, type_id) values (37, '革命旗', 'gmq.jpg', 28, null, null)
GO
insert into attachment (id, file_name, file_path, forestrytype_id, type, type_id) values (39, '朱砂莲', 'zsl.jpg', 30, null, null)
GO
insert into attachment (id, file_name, file_path, forestrytype_id, type, type_id) values (41, '天鹅湖', 'teh.jpg', 32, null, null)
GO
insert into attachment (id, file_name, file_path, forestrytype_id, type, type_id) values (42, '红露珍+紫金冠', 'hlzjjg001.jpg', 33, null, null)
GO
insert into attachment (id, file_name, file_path, forestrytype_id, type, type_id) values (43, '红露珍+紫金冠', 'hlzjjg002.jpg', 33, null, null)
GO
insert into attachment (id, file_name, file_path, forestrytype_id, type, type_id) values (44, '达婷', 'dt.jpg', 34, null, null)
GO
insert into attachment (id, file_name, file_path, forestrytype_id, type, type_id) values (45, '埃尔西朱瑞', 'aexzr.jpg', 35, null, null)
GO
insert into attachment (id, file_name, file_path, forestrytype_id, type, type_id) values (46, '凹脉金花茶+金花茶', 'amjhcjhc001.jpg', 36, null, null)
GO
insert into attachment (id, file_name, file_path, forestrytype_id, type, type_id) values (47, '凹脉金花茶+金花茶', 'amjhcjhc002.jpg', 36, null, null)
GO
insert into attachment (id, file_name, file_path, forestrytype_id, type, type_id) values (48, '黛比+冬星', 'dbdx001.jpg', 37, null, null)
GO
insert into attachment (id, file_name, file_path, forestrytype_id, type, type_id) values (49, '黛比+冬星', 'dbdx002.jpg', 37, null, null)
GO
insert into attachment (id, file_name, file_path, forestrytype_id, type, type_id) values (50, '克瑞墨+帕克斯+玛丽安', 'krmpksmla001.jpg', 38, null, null)
GO
insert into attachment (id, file_name, file_path, forestrytype_id, type, type_id) values (51, '克瑞墨+帕克斯+玛丽安', 'krmpksmla002.jpg', 38, null, null)
GO
insert into attachment (id, file_name, file_path, forestrytype_id, type, type_id) values (52, '克瑞墨+帕克斯+玛丽安', 'krmpksmla003.jpg', 38, null, null)
GO
insert into attachment (id, file_name, file_path, forestrytype_id, type, type_id) values (53, '加勒比松', 'jlbs.jpg', 39, null, null)
GO
insert into attachment (id, file_name, file_path, forestrytype_id, type, type_id) values (58, '毛桃木莲', '201407/20140720191518966926.png', 41, null, null)
GO
insert into attachment (id, file_name, file_path, forestrytype_id, type, type_id) values (59, '毛桃木莲', '201407/20140720191857221504.jpg', 41, null, null)
GO
CREATE TABLE authority ( id NUMERIC(19,0) NOT NULL IDENTITY, buttons VARCHAR(50) COLLATE Chinese_PRC_CI_AS, checked INT, expanded INT DEFAULT 0 NOT NULL, icon_cls VARCHAR(20) COLLATE Chinese_PRC_CI_AS, leaf INT DEFAULT 0 NOT NULL, menu_code VARCHAR(50) COLLATE Chinese_PRC_CI_AS NOT NULL, menu_config VARCHAR(200) COLLATE Chinese_PRC_CI_AS, menu_name VARCHAR(50) COLLATE Chinese_PRC_CI_AS NOT NULL, parent_id NUMERIC(19,0), sort_order INT NOT NULL, url VARCHAR(100) COLLATE Chinese_PRC_CI_AS, parent_menucode VARCHAR(50) COLLATE Chinese_PRC_CI_AS, sequence NUMERIC(19,0), PRIMARY KEY (id) )
GO
insert into authority (id, buttons, checked, expanded, icon_cls, leaf, menu_code, menu_config, menu_name, parent_id, sort_order, url, parent_menucode, sequence) values (1, ' ', null, 1, ' ', 0, 'EnvironmentMonitor', ' ', '林区环境监控', null, 100, ' ', null, null)
GO
insert into authority (id, buttons, checked, expanded, icon_cls, leaf, menu_code, menu_config, menu_name, parent_id, sort_order, url, parent_menucode, sequence) values (2, ' ', null, 1, ' ', 1, 'TemperatureDistribution', ' ', '林区温度分布', 1, 1001, 'environmentMonitor.TemperatureDistribution', null, null)
GO
insert into authority (id, buttons, checked, expanded, icon_cls, leaf, menu_code, menu_config, menu_name, parent_id, sort_order, url, parent_menucode, sequence) values (3, ' ', null, 1, ' ', 1, 'HumidityDistribution', ' ', '林区湿度分布', 1, 1002, 'environmentMonitor.HumidityDistribution', null, null)
GO
insert into authority (id, buttons, checked, expanded, icon_cls, leaf, menu_code, menu_config, menu_name, parent_id, sort_order, url, parent_menucode, sequence) values (4, ' ', null, 1, ' ', 1, 'LightfallDistribution', ' ', '林区光照度分布', 1, 1003, 'environmentMonitor.LightfallDistribution', null, null)
GO
insert into authority (id, buttons, checked, expanded, icon_cls, leaf, menu_code, menu_config, menu_name, parent_id, sort_order, url, parent_menucode, sequence) values (5, 'Add,Edit,Delete,View', null, 1, ' ', 1, 'Sensor', ' ', '传感器位置标识', 1, 1004, 'environmentMonitor.Sensor', null, null)
GO
insert into authority (id, buttons, checked, expanded, icon_cls, leaf, menu_code, menu_config, menu_name, parent_id, sort_order, url, parent_menucode, sequence) values (6, ' ', null, 1, ' ', 0, 'ForestryManage', ' ', '树木信息管理', null, 200, ' ', null, null)
GO
insert into authority (id, buttons, checked, expanded, icon_cls, leaf, menu_code, menu_config, menu_name, parent_id, sort_order, url, parent_menucode, sequence) values (7, 'Add,Edit,Delete,View', null, 1, ' ', 1, 'ForestryTypeList', ' ', '树木种类信息录入', 6, 2001, 'forestryManage.ForestryTypeList', null, null)
GO
insert into authority (id, buttons, checked, expanded, icon_cls, leaf, menu_code, menu_config, menu_name, parent_id, sort_order, url, parent_menucode, sequence) values (8, 'Add,Edit,Delete,View', null, 1, ' ', 1, 'ForestryEntry', ' ', '树木识别信息录入', 6, 2002, 'forestryManage.ForestryEntry', null, null)
GO
insert into authority (id, buttons, checked, expanded, icon_cls, leaf, menu_code, menu_config, menu_name, parent_id, sort_order, url, parent_menucode, sequence) values (9, 'Import,Edit,Delete,View,Export', null, 1, ' ', 1, 'ForestryImport', ' ', '树木识别数据导入', 6, 2003, 'forestryManage.ForestryImport', null, null)
GO
insert into authority (id, buttons, checked, expanded, icon_cls, leaf, menu_code, menu_config, menu_name, parent_id, sort_order, url, parent_menucode, sequence) values (10, 'View,Query', null, 1, ' ', 1, 'ForestryQuery', ' ', '树木识别信息查询', 6, 2004, 'forestryManage.ForestryQuery', null, null)
GO
insert into authority (id, buttons, checked, expanded, icon_cls, leaf, menu_code, menu_config, menu_name, parent_id, sort_order, url, parent_menucode, sequence) values (11, ' ', null, 1, ' ', 0, 'ForestryMonitor', ' ', '树木在园监控', null, 300, ' ', null, null)
GO
insert into authority (id, buttons, checked, expanded, icon_cls, leaf, menu_code, menu_config, menu_name, parent_id, sort_order, url, parent_menucode, sequence) values (12, 'Add,Edit,Delete,View', null, 1, ' ', 1, 'ForestryIdentification', ' ', '树木位置标识', 11, 3001, 'forestryMonitor.ForestryIdentification', null, null)
GO
insert into authority (id, buttons, checked, expanded, icon_cls, leaf, menu_code, menu_config, menu_name, parent_id, sort_order, url, parent_menucode, sequence) values (13, ' ', null, 1, ' ', 1, 'ForestryDistribution', ' ', '树木位置分布', 11, 3002, 'forestryMonitor.ForestryDistribution', null, null)
GO
insert into authority (id, buttons, checked, expanded, icon_cls, leaf, menu_code, menu_config, menu_name, parent_id, sort_order, url, parent_menucode, sequence) values (14, ' ', null, 1, ' ', 1, 'ForestryAlarm', ' ', '树木失踪警报', 11, 3003, 'forestryMonitor.ForestryAlarm', null, null)
GO
insert into authority (id, buttons, checked, expanded, icon_cls, leaf, menu_code, menu_config, menu_name, parent_id, sort_order, url, parent_menucode, sequence) values (15, ' ', null, 1, ' ', 0, 'SystemManage', ' ', '系统管理', null, 400, ' ', null, null)
GO
insert into authority (id, buttons, checked, expanded, icon_cls, leaf, menu_code, menu_config, menu_name, parent_id, sort_order, url, parent_menucode, sequence) values (16, 'Add,Edit,Delete,View', null, 1, ' ', 1, 'UserManagement', ' ', '用户管理', 15, 4001, 'systemManage.UserManagement', null, null)
GO
insert into authority (id, buttons, checked, expanded, icon_cls, leaf, menu_code, menu_config, menu_name, parent_id, sort_order, url, parent_menucode, sequence) values (17, ' ', null, 1, ' ', 1, 'AuthorizationManagement', ' ', '权限管理', 15, 4002, 'systemManage.AuthorizationManagement', null, null)
GO
insert into authority (id, buttons, checked, expanded, icon_cls, leaf, menu_code, menu_config, menu_name, parent_id, sort_order, url, parent_menucode, sequence) values (18, 'Add,Edit,Delete,View', null, 1, ' ', 1, 'AlarmConfiguration', ' ', '警报设置', 15, 4003, 'systemManage.AlarmConfiguration', null, null)
GO
insert into authority (id, buttons, checked, expanded, icon_cls, leaf, menu_code, menu_config, menu_name, parent_id, sort_order, url, parent_menucode, sequence) values (19, 'Add,Edit,Delete,View', null, 1, ' ', 1, 'ResourceManagement', ' ', '资源管理', 15, 4004, 'systemManage.ResourceManagement', null, null)
GO
insert into authority (id, buttons, checked, expanded, icon_cls, leaf, menu_code, menu_config, menu_name, parent_id, sort_order, url, parent_menucode, sequence) values (20, 'Add,Edit,Delete,View', null, 1, ' ', 1, 'DepartmentManagement', ' ', '部门管理', 15, 4005, 'systemManage.DepartmentManagement', null, null)
GO
insert into authority (id, buttons, checked, expanded, icon_cls, leaf, menu_code, menu_config, menu_name, parent_id, sort_order, url, parent_menucode, sequence) values (21, ' ', null, 1, ' ', 0, 'Report', ' ', '报表', null, 500, ' ', null, null)
GO
insert into authority (id, buttons, checked, expanded, icon_cls, leaf, menu_code, menu_config, menu_name, parent_id, sort_order, url, parent_menucode, sequence) values (22, ' ', null, 1, ' ', 1, 'TemperatureReport', ' ', '林区温度变化表', 21, 5001, 'report.TemperatureReport', null, null)
GO
insert into authority (id, buttons, checked, expanded, icon_cls, leaf, menu_code, menu_config, menu_name, parent_id, sort_order, url, parent_menucode, sequence) values (23, ' ', null, 1, ' ', 1, 'HumidityReport', ' ', '林区湿度变化表', 21, 5002, 'report.HumidityReport', null, null)
GO
insert into authority (id, buttons, checked, expanded, icon_cls, leaf, menu_code, menu_config, menu_name, parent_id, sort_order, url, parent_menucode, sequence) values (24, ' ', null, 1, ' ', 1, 'LightfallReport', ' ', '林区光照度变化表', 21, 5003, 'report.LightfallReport', null, null)
GO
CREATE TABLE config ( id NUMERIC(19,0) NOT NULL IDENTITY, config_type SMALLINT NOT NULL, config_value INT, PRIMARY KEY (id) )
GO
insert into config (id, config_type, config_value) values (2, 1, 3)
GO
CREATE TABLE department ( id NUMERIC(19,0) NOT NULL IDENTITY, name VARCHAR(50) COLLATE Chinese_PRC_CI_AS, remark VARCHAR(100) COLLATE Chinese_PRC_CI_AS, description VARCHAR(200) COLLATE Chinese_PRC_CI_AS, parent_departmentkey VARCHAR(20) COLLATE Chinese_PRC_CI_AS, PRIMARY KEY (id) )
GO
insert into department (id, name, remark, description, parent_departmentkey) values (202, '销售部', '这是销售部', null, null)
GO
CREATE TABLE dict ( id NUMERIC(19,0) NOT NULL IDENTITY, dict_key VARCHAR(20) COLLATE Chinese_PRC_CI_AS NOT NULL, dict_value VARCHAR(40) COLLATE Chinese_PRC_CI_AS NOT NULL, parent_dictkey VARCHAR(20) COLLATE Chinese_PRC_CI_AS, sequence NUMERIC(19,0), PRIMARY KEY (id), CONSTRAINT UK_3qslashso6jremlwnegxaaqng UNIQUE (dict_key) )
GO
CREATE TABLE forestry ( id NUMERIC(19,0) NOT NULL IDENTITY, entry_time DATETIME, epc_id VARCHAR(100) COLLATE Chinese_PRC_CI_AS NOT NULL, name VARCHAR(200) COLLATE Chinese_PRC_CI_AS NOT NULL, plant_time DATETIME, type_id NUMERIC(19,0), PRIMARY KEY (id) )
GO
insert into forestry (id, entry_time, epc_id, name, plant_time, type_id) values (614, '2013-01-01 00:00:00', '67522715.0100001.5', '红皮糙果茶', '2013-01-01 00:00:00', 20)
GO
insert into forestry (id, entry_time, epc_id, name, plant_time, type_id) values (654, '2013-01-01 00:00:00', '67522715.0100001.45', '凤凰木', '2013-01-01 00:00:00', 40)
GO
insert into forestry (id, entry_time, epc_id, name, plant_time, type_id) values (655, '2013-01-01 00:00:00', '67522715.0100001.46', '六角白', '2013-01-01 00:00:00', 31)
GO
insert into forestry (id, entry_time, epc_id, name, plant_time, type_id) values (658, '2013-01-01 00:00:00', '67522715.0100001.49', '十八学士', '2013-01-01 00:00:00', 5)
GO
insert into forestry (id, entry_time, epc_id, name, plant_time, type_id) values (665, '2013-01-01 00:00:00', '67522715.0100001.56', '金花茶', '2013-01-01 00:00:00', 6)
GO
insert into forestry (id, entry_time, epc_id, name, plant_time, type_id) values (670, '2013-01-01 00:00:00', '67522715.0100001.61', '红皮糙果茶', '2013-01-01 00:00:00', 20)
GO
insert into forestry (id, entry_time, epc_id, name, plant_time, type_id) values (671, '2013-01-01 00:00:00', '67522715.0100001.62', '红露珍', '2013-01-01 00:00:00', 13)
GO
insert into forestry (id, entry_time, epc_id, name, plant_time, type_id) values (672, '2013-01-01 00:00:00', '67522715.0100001.63', '毛桃木莲', '2013-01-01 00:00:00', 41)
GO
insert into forestry (id, entry_time, epc_id, name, plant_time, type_id) values (673, '2013-01-01 00:00:00', '67522715.0100001.64', '加勒比松', '2013-01-01 00:00:00', 39)
GO
insert into forestry (id, entry_time, epc_id, name, plant_time, type_id) values (674, '2013-01-01 00:00:00', '67522715.0100001.65', '六角大红', '2013-01-01 00:00:00', 1)
GO
insert into forestry (id, entry_time, epc_id, name, plant_time, type_id) values (676, '2013-01-01 00:00:00', '67522715.0100001.67', '克瑞墨大牡丹', '2013-01-01 00:00:00', 2)
GO
insert into forestry (id, entry_time, epc_id, name, plant_time, type_id) values (679, '2013-01-01 00:00:00', '67522715.0100001.70', '粉芙蓉', '2013-01-01 00:00:00', 15)
GO
insert into forestry (id, entry_time, epc_id, name, plant_time, type_id) values (680, '2013-01-01 00:00:00', '67522715.0100001.71', '白五色芙蓉', '2013-01-01 00:00:00', 19)
GO
insert into forestry (id, entry_time, epc_id, name, plant_time, type_id) values (732, '2013-01-01 00:00:00', '67522715.0100001.123', '并蒂嫦娥', '2013-01-01 00:00:00', 9)
GO
insert into forestry (id, entry_time, epc_id, name, plant_time, type_id) values (735, '2013-01-01 00:00:00', '67522715.0100001.126', '越南抱茎茶', '2013-01-01 00:00:00', 3)
GO
insert into forestry (id, entry_time, epc_id, name, plant_time, type_id) values (762, '2013-01-01 00:00:00', '67522715.0100001.153', '山茶之都', '2013-01-01 00:00:00', 24)
GO
insert into forestry (id, entry_time, epc_id, name, plant_time, type_id) values (763, '2013-01-01 00:00:00', '67522715.0100001.154', '金盘荔枝', '2013-01-01 00:00:00', 11)
GO
insert into forestry (id, entry_time, epc_id, name, plant_time, type_id) values (765, '2013-01-01 00:00:00', '67522715.0100001.156', '红露珍', '2013-01-01 00:00:00', 13)
GO
insert into forestry (id, entry_time, epc_id, name, plant_time, type_id) values (773, '2013-01-01 00:00:00', '67522715.0100001.164', '张氏红山茶', '2013-01-01 00:00:00', 7)
GO
insert into forestry (id, entry_time, epc_id, name, plant_time, type_id) values (775, '2013-01-01 00:00:00', '67522715.0100001.166', '金花茶', '2013-01-01 00:00:00', 6)
GO
insert into forestry (id, entry_time, epc_id, name, plant_time, type_id) values (776, '2013-01-01 00:00:00', '67522715.0100001.167', '张氏红山茶', '2013-01-01 00:00:00', 7)
GO
insert into forestry (id, entry_time, epc_id, name, plant_time, type_id) values (799, '2013-01-01 00:00:00', '67522715.0100001.190', '紫金冠', '2013-01-01 00:00:00', 16)
GO
insert into forestry (id, entry_time, epc_id, name, plant_time, type_id) values (802, '2013-01-01 00:00:00', '67522715.0100001.193', '白雪塔', '2013-01-01 00:00:00', 18)
GO
insert into forestry (id, entry_time, epc_id, name, plant_time, type_id) values (806, '2013-01-01 00:00:00', '67522715.0100001.197', '山茶之都', '2013-01-01 00:00:00', 24)
GO
CREATE TABLE forestry_type ( id NUMERIC(19,0) NOT NULL IDENTITY, description VARCHAR(2000) COLLATE Chinese_PRC_CI_AS, name VARCHAR(200) COLLATE Chinese_PRC_CI_AS NOT NULL, PRIMARY KEY (id) )
GO
insert into forestry_type (id, description, name) values (1, '&nbsp;&nbsp;我国华东地区的传统品种之一，又称"松阳红"。小乔木状。树冠开张，不正形，树条披斜至下垂。花大红色，花瓣有70～80枚，呈6～7轮排列，中心花瓣偶现白条，中型花，直径7～8厘米，呈放射六角状，完全重瓣型；叶倒卵形，较大，叶尾较长，叶缘锯齿粗稀而浅，主脉明显，侧脉间隔明显；长势旺，开张；花期晚。<br>&nbsp;&nbsp;红红的花朵饱含着浓浓的诗，浓浓的诗里蕴藏着喜悦的美。六角大红花绚丽，绵绵情悠悠！<br><img src="/forestry/static/img/upload/201407/20140717103207453819.jpg" border="0" height="300" width="400"><br>', '六角大红')
GO
insert into forestry_type (id, description, name) values (2, '&nbsp;&nbsp;花鲜艳的红色，芳香，牡丹型，大型花，最大花径可达13cm，外轮花瓣宽大，先端近圆形，略波浪状，内部花瓣直立，呈牡丹状，少量金黄色雄蕊夹杂在花瓣之间，花朵稀疏。叶片浓绿色，椭圆形，叶脉清晰，先端叶齿明显，植株紧凑，生长旺盛，花期中。<br>&nbsp;&nbsp;花色鲜艳红牡丹，芳香扑鼻随风来。特别是在晴日的和煦春风中，迎风舞动的绚丽花朵，阵阵馨香，陶然自怡。<br><img src="/forestry/static/img/upload/201407/20140717103318359258.jpg" border="0"><br>', '克瑞墨大牡丹')
GO
insert into forestry_type (id, description, name) values (3, '&nbsp;&nbsp;分布在越南北部与我国云南河口接壤的地区。本原种花粉红色，泛紫色调，单瓣型至半重瓣型，小到中型花，萼片绿色，花瓣8～13枚，宽圆，排列有序，边缘内卷，肥厚肉质，花心雄蕊散生，花药金黄色，花丝粉红色，花朵稠密。叶片浓绿色，椭圆形，长15～40cm，宽6～10cm，厚革质，基部包茎，叶脉明显，植株立性，生长旺盛。花期夏季至秋季，甚至全年开花。是培育四季开花的优良亲本。<br>&nbsp;&nbsp;花粉紫色，花瓣厚，花型像海棠。叶浓绿色，长而宽，外观非茶花。夏季酷暑盛开花，一年四季常有花。花朵稠密叶片美，观花观叶需要它。<br><img src="/forestry/static/img/upload/201407/20140717103437937597.jpg" border="0"><br>', '越南抱茎茶')
GO
insert into forestry_type (id, description, name) values (4, '&nbsp;&nbsp;花淡粉红色，花瓣边缘粉色略深，极芳香，牡丹型，中型花，大花瓣30枚左右，波浪状，小花瓣约10枚，与少量金黄色雄蕊混生，花朵稠密。叶片淡绿色，基部近卵圆形，先端尾尖，叶齿钝，植株开张，生长旺盛。花期中至晚。<br>&nbsp;&nbsp;粉嫩的花，粉嫩的容。溢浓浓芳香，看蜂歌蝶舞。在这美丽的春天，分享多彩生活。<br><img src="/forestry/static/img/upload/201407/20140717103456156307.jpg" border="0"><br>', '烈香')
GO
insert into forestry_type (id, description, name) values (5, '&nbsp;&nbsp;十八学士是茶花中的一个珍品，深为人们所厚爱。金庸在小说中曾描述过此花，可见其珍贵。它树型优美，枝条直立，幼枝深褐色。叶片深绿，富光泽。单花顶生，着花量多，花开树冠内外。重瓣型，花瓣层次分明，排列有序，十分美观。常见的花色有朱红、绯红、粉红、全白诸色，都是单色系的。<br>&nbsp;&nbsp;十八学士有红十八学士、花十八学士和白十八学士三个品种。<br>&nbsp;&nbsp;十八学士三姊妹，争相盛开，竞芳容。朵朵小巧又细腻、秀雅的花朵，完美无缺，百看不厌，系我国传统茶花名种之精品也。<br><img src="/forestry/static/img/upload/201407/20140717103514578615.jpg" border="0"><br>', '十八学士')
GO
insert into forestry_type (id, description, name) values (6, '&nbsp;&nbsp;金花茶是一种古老的植物，极为罕见，分布极其狭窄，全世界90%的野生金花茶仅分布于我国广西防城港市十万大山的兰山支脉一带，生长于海拔700米以下，以海拔200-500米之间的范围较常见，垂直分布的下限为海拔20米左右。与银杉、桫椤、珙桐等珍贵“植物活化石”齐名，是我国八种国家一级保护植物之一，属《濒危野生动植物种国际贸易公约》附录Ⅱ中的植物种，国外称之为神奇的东方魔茶，被誉为“茶族皇后”。 1960年，我国科学工作者首次在广西南宁一带发现了一种金黄色的山茶花，被命名为金花茶，金花茶的发现轰动了全球园艺界、新闻界，受了国内外园艺学家的高度重视。认为它是培育金黄色山茶花品种的最优良原始材料。<br>&nbsp;&nbsp;金花茶花蜡黄色，单瓣型，其花梗下垂，形态美观。金瓣玉蕊，蜡质金黄，晶莹光洁，高贵雅致。金花茶是世界花坛中唯一具有金黄色花瓣，被誉为“世界珍品、茶族皇后”，象征着幸运、财富与健康。叶片浓绿色，椭圆形，中脉凹陷，边缘有锯齿，植株立性，生长旺盛。花期冬季到春季。<br><img src="/forestry/static/img/upload/201407/20140717103533031828.jpg" border="0"><br>', '金花茶')
GO
insert into forestry_type (id, description, name) values (7, '&nbsp;&nbsp;张氏红山茶又叫杜鹃红山茶，或“假大头茶”， 栽培上也称为“杜鹃茶”，属于山茶属，是常绿小乔木。张氏红山茶是一个极其珍稀的山茶品种，目前全世界仅在广东省阳春县鹅凰嶂省级自然保护区内发现，我国特有种。<br>&nbsp;&nbsp;花鲜艳的红色，单瓣型，中到大型花，萼片绿色，花瓣5-9枚，倒卵形，先端略凹，雄蕊基部连生呈管状，花丝红色，花药金黄色，花朵稠密，可结果实，蜡烛状的花蕾顶生或腋生。叶片浓绿色，狭倒卵形，革质，叶面光亮碧绿，边缘和叶面光滑；叶片在枝条上半直立，似杜鹃树的叶片。树体呈矮冠状，枝条光滑，嫩梢红色，枝叶密、紧凑。花期夏季至秋季，有时全年开花。是不可多得的培育四季开花的育种亲本。<br>&nbsp;&nbsp;花艳蕾丽四季盛开皆是春，株健叶亮八方花迷齐称绝。奇特山茶一鸣惊人天下知，观花观叶育新种首屈一指。<br><img src="/forestry/static/img/upload/201407/20140717103556687409.jpg" border="0"><br>', '张氏红山茶')
GO
insert into forestry_type (id, description, name) values (8, '&nbsp;&nbsp;广东省西南部的广宁、清远、德庆、信宜一带以及广西壮族自治区的东南部，海拔250～500米。南山茶是一种具有明显主干的小乔木，叶片漂亮，闪闪发亮，叶脉凹陷。花朵硕大，花径有8.0-10.5厘米，红色，但是植株间变异很大，花冠多为半开放，单花顶生或腋生。蒴果卵球形，挂在树枝上似苹果，甚是漂亮。南山茶叶片和花朵很漂亮，是亚热带地区园林绿化树种的上品。<br><img src="/forestry/static/img/upload/201407/20140717103615640930.jpg" border="0"><br>', '南山茶')
GO
insert into forestry_type (id, description, name) values (9, '&nbsp;&nbsp;花粉红色，两个花心，有时3-4个，完全重瓣型，花径有6-10cm，花期中。叶片阔椭圆形，叶面平整，枝条开张，长势旺盛。此品种为从“嫦娥”上分离出的变种，因两朵花并蒂而生，故取并蒂嫦娥。<br><img src="/forestry/static/img/upload/201407/20140717103638234492.jpg" border="0"><br><img src="/forestry/static/img/upload/201407/20140717103647546014.jpg" border="0"><br>', '并蒂嫦娥')
GO
insert into forestry_type (id, description, name) values (10, '&nbsp;&nbsp;小桃红别名叫“春雨”、“宫粉”、“广东粉”，在日本叫“乙女”，在西方国家叫“Pink Perfection”(粉十全十美)。<br>&nbsp;&nbsp;花桃粉红色，具光泽，完全重瓣型，小型花，花瓣60-90枚，卵圆形，先端圆，排列整齐，隐约可见较深的细脉纹，花量大。叶片浓绿色，椭圆形，中等大小，侧脉清晰，厚质，幼芽绿色，植株开张，生长旺盛。花期早至晚。<br>&nbsp;&nbsp;浙江平湖茶花诗人陆明望先生有感本品种写道：“桃红月貌美如仙，海外侨商佩胸前。玛瑙珍珠垂泪咽，茶花沸腾贵人间。”的确如此，早花国庆开，晚花至春末，一树小桃红，花意表真情。<br><img src="/forestry/static/img/upload/201407/20140717103737703392.jpg" border="0"><br>', '小桃红')
GO
insert into forestry_type (id, description, name) values (11, '&nbsp;&nbsp;我国华东和四川一带，别名“元宝”、“金盘托荔”、“铁壳宝珠”、“大红宝珠”等。<br>&nbsp;&nbsp;花大红色，略有蜡质感，托桂型，中型花，外轮大花瓣宽圆，呈盘状排列，先端略凹，花心雄蕊密集呈球状，有少量白斑，偶有金黄色雄蕊混生，花蕾萼片褐色，花量中等。叶片浓绿色，椭圆形，厚质，叶脉有明显，嫩芽、嫩叶、嫩枝及叶柄均为紫红色，植株紧凑，生长旺盛。花期中至晚。<br>&nbsp;&nbsp;大瓣托小瓣，红红密密的，盛花时节像闪闪红星。那是含笑传神的眼睛，缀在我们的心幕上，饱含着对我国传统品种的感情。<br><img src="/forestry/static/img/upload/201407/20140717103759093418.jpg" border="0"><br>', '金盘荔枝')
GO
insert into forestry_type (id, description, name) values (12, '&nbsp;&nbsp;花粉红色，单瓣至半重瓣，中型花，单瓣型，花瓣6枚，长圆形，平铺，边缘略皱褶或波浪状，排列似星状，花心有雄蕊，花药橘红色，花朵稠密。叶片浓绿色，小椭圆形，植株半开张，生长中等。花期中。<br><img src="/forestry/static/img/upload/201407/20140717103834468990.jpg" border="0"><br>', '冬星')
GO
insert into forestry_type (id, description, name) values (13, '&nbsp;&nbsp;红露珍原产我国华东一带。花深红色，牡丹型，中到大型花，外轮大花瓣1-2轮，边缘波浪状，中心花瓣半直立，不规则扭曲，呈牡丹状，有金黄色雄蕊混生，花量中等。花期早至中。叶绿色，边缘下卷，长势旺，可以做嫁接茶花的砧木，是优良的园艺品种。做行道树开花时甚是壮观。从该品种上分离出花露珍和彩叶红露珍。<br><img src="/forestry/static/img/upload/201407/20140717103904015839.jpg" border="0"><br>', '红露珍')
GO
insert into forestry_type (id, description, name) values (14, '&nbsp;&nbsp;花粉红色至红色，半重瓣，中型花，花期中至晚。叶背及幼枝有绒毛。<br><img src="/forestry/static/img/upload/201407/20140717103925234138.jpg" border="0"><br>', '黑牡丹')
GO
insert into forestry_type (id, description, name) values (15, '&nbsp;&nbsp;花粉红色，托桂型至牡丹型，外轮花瓣宽大，内轮花瓣直立，部分雄蕊瓣化，偶见黄色雄蕊，中型花，花期中至晚。<br><img src="/forestry/static/img/upload/201407/20140717103949671669.jpg" border="0"><br>', '粉芙蓉')
GO
insert into forestry_type (id, description, name) values (16, '&nbsp;&nbsp;花暗红色，托桂至牡丹型，外轮花瓣宽大，内轮花瓣细碎直立，中型花，花朵稠密。花期中至晚。<br><img src="/forestry/static/img/upload/201407/20140717104008890012.jpg" border="0"><br>', '紫金冠')
GO
insert into forestry_type (id, description, name) values (17, '&nbsp;&nbsp;花粉红色泛紫色调，花瓣略皱折，边缘内卷，花瓣中间点缀金黄色的雄蕊，俏皮可爱。半重瓣至牡丹型，大型花,花期中至晚。叶片绿色，枝条半开张，长势旺。<br><img src="/forestry/static/img/upload/201407/20140717104038140016.jpg" border="0"><br>', '红十样锦')
GO
insert into forestry_type (id, description, name) values (18, '&nbsp;&nbsp;“苎萝美人含笑靥，玉真妃子披冰纱。”清代吴照在诗中把白茶花喻为西施和杨贵妃。席慕容在《白色山茶花》中这样描述她对白茶花的感觉：“我每次走过一棵开花的树，都不得不惊讶与屏息于生命的美丽。”<br>&nbsp;&nbsp;白雪塔花色洁白如雪，花姿晶莹秀美，花韵高洁清雅，实为白茶花的极品，花瓣阔卵圆形，先端有小缺口，边缘略外翻，覆瓦状排列；花完全重瓣型，中型花，花期早至中；叶片绿色，先端略扭曲，植株长势中等。我国浙江、福建、江西、湖南一带品种。<br><img src="/forestry/static/img/upload/201407/20140717104101687363.jpg" border="0"><br>', '白雪塔')
GO
insert into forestry_type (id, description, name) values (19, '&nbsp;&nbsp;花白色为主，有时出现浅粉色、粉红色，一株多色，以为是嫁接了不同茶花品种，其实不然。花型也不只托桂型，还有牡丹型，多数雄蕊瓣化，花瓣姿态丰富，或直立或扭曲；叶片绿色，植株立性，生长中等。<br>&nbsp;&nbsp;这四朵花就是在一株树上拍到的，茶花很美吧，大自然是不是很神奇，赐予我们人类如多彩的茶花。<br><img src="/forestry/static/img/upload/201407/20140717104122937509.jpg" border="0"><img src="/forestry/static/img/upload/201407/20140717104136265915.jpg" border="0"><img src="/forestry/static/img/upload/201407/20140717104147125900.jpg" border="0"><br><img src="/forestry/static/img/upload/201407/20140717104158968808.jpg" border="0"><br>', '白五色芙蓉')
GO
insert into forestry_type (id, description, name) values (20, '&nbsp;&nbsp;别名：克氏茶；山茶科山茶属常绿乔木，树形优美，由香港前林务监督于1903年在香港柏架山首次发现。其树皮橙红色；花大，白色；花期10~12月，硕果球形，铁锈色，果皮粗糙，且十分坚硬。喜温暖湿润气候；为优良的观茎、观花、观果、观姿植物，也是重要的油料植物。现被列为国家二级保护植物。<br><img src="/forestry/static/img/upload/201407/20140717104232500906.jpg" border="0"><br>', '红皮糙果茶')
GO
insert into forestry_type (id, description, name) values (21, '&nbsp;&nbsp;花色相同，花型不同的茶花嫁接于一株，浑然一体，很难分瓣，根据下面的描述，您能分瓣出哪枝是四面景，哪枝是金盘荔枝吗？<br>&nbsp;&nbsp;四面景：花红色，牡丹型，花瓣卷曲，瓣间金黄色雄蕊象捉迷藏的孩子，闪现其中，惹人爱，中型花，花期中至晚。<br>&nbsp;&nbsp;金盘荔枝：花大红色，略有蜡质感，托桂型，中型花，外轮大花瓣宽圆，呈盘状排列，先端略凹，花心雄蕊密集呈球状，有少量白斑，偶有金黄色雄蕊混生，花蕾萼片褐色，花量中等。叶片浓绿色，椭圆形，厚质，植株紧凑，生长旺盛。花期中至晚。<br><img src="/forestry/static/img/upload/201407/20140717104300500277.jpg" border="0"><img src="/forestry/static/img/upload/201407/20140717104320906776.jpg" border="0">', '四面景+金盘荔枝')
GO
insert into forestry_type (id, description, name) values (22, '&nbsp;&nbsp;粉蝴蝶：粉红色，金黄色的花瓣掩映在花瓣间，中型花，托桂型或牡丹型，花期中至晚。<br>&nbsp;&nbsp;白雪塔：我国浙江、福建、江西、湖南一带品种，花洁白，完全重瓣型，中型 花，花瓣阔卵圆形，先端有小缺口，边缘略外翻，覆瓦状排列，花心泛淡黄色或者淡绿色，花量大。叶片浓绿色，中等大小，叶脉清晰、先端略扭曲。花期早至中。<br>&nbsp;&nbsp;一株两色，且花型不同，不看照片，您能分瓣出是两个品种吗？<br><img src="/forestry/static/img/upload/201407/20140717104352093321.jpg" border="0"><img src="/forestry/static/img/upload/201407/20140717104408765339.jpg" border="0">', '粉蝴蝶+白雪塔')
GO
insert into forestry_type (id, description, name) values (23, '&nbsp;&nbsp;此株茶花嫁接了四个品种，充分体现了我所油茶嫁接多色名贵茶花技术，紫红色的紫金冠，花团紧凑，有王者气势；红露珍，艳红色，高贵典雅；四面景的红色不逊红露珍，牡丹花型似绣球；如果说紫金冠、红露珍和四面景是雍容华贵的王妃，那粉蝴蝶可以说是清新的大家闺秀，粉红色的花瓣，掩映着金黄色的雄蕊，娇滴可爱。<br><img src="/forestry/static/img/upload/201407/20140717104440109123.jpg" border="0"><img src="/forestry/static/img/upload/201407/20140717104509562291.jpg" border="0"><br><img src="/forestry/static/img/upload/201407/20140717104532187094.jpg" border="0"><img src="/forestry/static/img/upload/201407/20140717104547062709.jpg" border="0">', '紫金冠+红露珍+四面景+粉蝴蝶')
GO
insert into forestry_type (id, description, name) values (24, '&nbsp;&nbsp;花粉红色，花瓣扭曲，花径达13cm，大型花，花型托桂型到牡丹型。叶绿色，叶脉明显，长势旺；开张；花期中。<br>&nbsp;&nbsp;花朵中微露的花蕊，引来蜂蝶无数，娇嫩花朵喜迎春，豪性绽放，蕊瓣互融，美妙胜过别的花。<br>&nbsp;&nbsp;本品种由美国加州M.Rowell先生从品种“道克”的实生苗中选育而得，1972年公布。<br><img src="/forestry/static/img/upload/201407/20140717104610828326.jpg" border="0"><br>', '山茶之都')
GO
insert into forestry_type (id, description, name) values (25, '&nbsp;&nbsp;花白色，带红色条斑，完全重瓣型，偶见花蕊，中型花。叶片绿色，椭圆形，植物立性，生长中等，花期中。<br><img src="/forestry/static/img/upload/201407/20140717104629140679.jpg" border="0"><br>', '荷花片')
GO
insert into forestry_type (id, description, name) values (26, '&nbsp;&nbsp;花白色，有时瓣缘泛粉红色，花径看一看图片有多大，单花顶生。叶片长椭圆形，先端渐尖，基部圆形，长8.0-15.0厘米，宽2.0-5.5厘米，边缘具齿。乔木，高可达8米。本原种树形美观，叶片碧绿，花量大，耐阳性强，作为园林树种的应用有巨大的潜力。在香港特别行政区本原种的中文名为“葛量洪茶”。<br><img src="/forestry/static/img/upload/201407/20140717104646984666.jpg" border="0"><br>', '大苞山茶')
GO
insert into forestry_type (id, description, name) values (27, '&nbsp;&nbsp;花粉紫色，偶有白班，托桂型至牡丹型，小型花，花期早，并且花量大。植株半开张，生长中等。<br><img src="/forestry/static/img/upload/201407/20140717104709171021.jpg" border="0"><br>', '阳春红')
GO
insert into forestry_type (id, description, name) values (28, '&nbsp;&nbsp;花红色，偏粉；牡丹型，花瓣皱褶，似绢花；中型花；花期中；植物立性；生长中等。<br><img src="/forestry/static/img/upload/201407/20140717104729687091.jpg" border="0"><br>', '革命旗')
GO
insert into forestry_type (id, description, name) values (29, '&nbsp;&nbsp;花浅粉红色，瓣缘色深，中央花瓣细碎，完全重瓣型，中型花。花期中，植株立性。<br><img src="/forestry/static/img/upload/201407/20140717104749750295.jpg" border="0"><br>', '通草片')
GO
insert into forestry_type (id, description, name) values (30, '&nbsp;&nbsp;花红色，泛紫色调，完全重瓣型，中型花。花期中，植株立性，长势中等。<br><img src="/forestry/static/img/upload/201407/20140717104810562378.jpg" border="0"><br>', '朱砂莲')
GO
insert into forestry_type (id, description, name) values (31, '&nbsp;&nbsp;花纯白色，花瓣呈六角，完全重瓣型，中型花，花期晚，植株立性，生长慢。<br><img src="/forestry/static/img/upload/201407/20140717104830578881.jpg" border="0"><br>', '六角白')
GO
insert into forestry_type (id, description, name) values (32, '&nbsp;&nbsp;花纯白色，花瓣基部泛淡黄色调，牡丹型，大型花，花期早。植物株半开张，生长慢。<br><img src="/forestry/static/img/upload/201407/20140717104847968298.jpg" border="0"><br>', '天鹅湖')
GO
insert into forestry_type (id, description, name) values (33, '&nbsp;&nbsp;红露珍原产我国华东一带。花深红色，牡丹型，中到大型花，外轮大花瓣1-2轮，边缘波浪状，中心花瓣半直立，不规则扭曲，呈牡丹状，有金黄色雄蕊混生，花量中等。<br>&nbsp;&nbsp;紫金冠，花暗红色，托桂至牡丹型，外轮花瓣宽大，内轮花瓣细碎直立，中型花，花朵稠密。花期中至晚。<br>&nbsp;&nbsp;一株两个品种，你能通过描述找到哪个是红露珍，哪个是紫金冠吗？<br><img src="/forestry/static/img/upload/201407/20140717104909593829.jpg" border="0"><img src="/forestry/static/img/upload/201407/20140717104917671410.jpg" border="0">', '红露珍+紫金冠')
GO
insert into forestry_type (id, description, name) values (34, '&nbsp;&nbsp;花紫红色，玫瑰重瓣型至牡丹型，大型花，花瓣宽圆，排列松散，瓣面可见清晰深红色脉纹，花心偶有小花瓣出现和金黄色雄蕊外露，花朵稠密。植物开张，生长旺盛。花期早至晚。<br><img src="/forestry/static/img/upload/201407/20140717104943031272.jpg" border="0"><br>', '达婷')
GO
insert into forestry_type (id, description, name) values (35, '&nbsp;&nbsp;花活泼的粉红色，略泛紫色调，牡丹型，大至巨型花，最大花径可达14厘米。植物开张，生长慢，花期中至晚。<br><img src="/forestry/static/img/upload/201407/20140717105003703743.jpg" border="0"><br>', '埃尔西朱瑞')
GO
insert into forestry_type (id, description, name) values (36, '&nbsp;&nbsp;这两个金花茶共性都开黄色的花，但花大小不同，色泽也有区别。凹脉金花茶听名字就知叶脉凹于叶面，蕾比花的观赏性还要强，花小。金花茶花大，通过这个性状，现在是不是能区分出两种金花茶了吧。<br><img src="/forestry/static/img/upload/201407/20140717105028187669.jpg" border="0"><img src="/forestry/static/img/upload/201407/20140717105035578676.jpg" border="0">', '凹脉金花茶+金花茶')
GO
insert into forestry_type (id, description, name) values (37, '&nbsp;&nbsp;通过叶片和花你能分辨出这一株有几个茶花品种吗？没分出来也没关系，下面的解释会帮助你认识它们。黛比：花深粉红色，泛紫色调，牡丹型，外轮大花瓣，中部大小花瓣混生，象个绣球，中到大型花。叶片有些发黄，如果认为它生长不良，那你就错了，那是它本色。梦船：花粉红色，单瓣型，中型花，花心有雄蕊，花朵稠密。植物半开张，生长中等。花期中。<br><img src="/forestry/static/img/upload/201407/20140717105059312322.jpg" border="0"><img src="/forestry/static/img/upload/201407/20140717105115968487.jpg" border="0">', '黛比+冬星')
GO
insert into forestry_type (id, description, name) values (38, '&nbsp;&nbsp;克瑞墨曾介绍过，让我们认识其他两个品种。帕克斯是美国帕克斯先生培育出的一个杂交种。花艳红色，牡丹型，巨型花，最大花径可达15厘米，花瓣宽大，波浪状并略扭曲，花心偶见金黄色雄蕊混生。叶片波绿，叶片粗糙，叶缘锯齿粗。植物半开张，生长旺盛。玛丽安，花红色，具清香气味，托桂型至牡丹型，中到大型花，外轮花瓣宽圆，略呈波浪状，中部花瓣直立扭曲，象个绣球。三个红色的茶花同时开放，你能辨别出来吗？<br><img src="/forestry/static/img/upload/201407/20140717105142734321.jpg" border="0"><img src="/forestry/static/img/upload/201407/20140717105150515707.jpg" border="0"><img src="/forestry/static/img/upload/201407/20140717105157953660.jpg" border="0">', '克瑞墨+帕克斯+玛丽安')
GO
insert into forestry_type (id, description, name) values (39, '&nbsp;&nbsp;这些加勒比松是嫁接的，长到这么粗壮高大，能猜出长了多少年。加勒比松，别名古巴松，树干通直，自然整枝能力强，是良好的风景林和用材林。在它下面种植茶花，就是利用它宽大的冠幅为茶花遮蔽烈日。<br><img src="/forestry/static/img/upload/201407/20140717105216937885.jpg" border="0"><br>', '加勒比松')
GO
insert into forestry_type (id, description, name) values (40, '&nbsp;&nbsp;取名于“叶如飞凰之羽，花若丹凤之冠”。别名金凤花、红花楹树、火树、洋楹等，凤凰木因鲜红或橙色的花朵配合鲜绿色的羽状复叶，被誉为世上最色彩鲜艳的树木之一。它是非洲马达加斯加共和国的国树、厦门市、台湾台南市、四川攀枝花市的市树,民国时期广东湛江市的市花。凤凰木植株高大，可达20公尺以上。由于树冠横展而下垂，浓密阔大而招风，在热带地区担任遮荫树的角色。性喜高温、多日的环境，必须在阳光充足处方能繁茂生长。分布于中国南部及西南部、原产地马达加斯加及世界各热带地方。我们就是利用它阔大的树冠来为茶花遮荫。<br><img src="/forestry/static/img/upload/201407/20140717105231203294.jpg" border="0"><br>', '凤凰木')
GO
insert into forestry_type (id, description, name) values (41, '&nbsp;&nbsp;&nbsp; 毛桃木莲为木兰科木莲属常绿大乔木，因其花、果倒挂于植株枝头，又名垂果木莲。树形挺拔秀丽，树叶秀美奇特，花大芳香。毛桃木莲因具有观花、观叶和赏果的效果，是绿化、美化环境和庭园观赏的理想树种。<br>&nbsp;&nbsp;&nbsp; 在春风的滋润下，生长的嫩枝、嫩叶，在阳光照射下熠熠生辉，充满着生机和活力。初夏在绿叶丛中，当花朵缓缓绽开时，宛如一朵朵倒挂的“莲花”，一阵阵沁人心脾的芳香，从刚刚绽放的花朵中逸出。金秋时节，果实成熟，卵圆形的，果黄中透红，在绿叶丛中缀满枝头。<br><img src="/forestry/static/img/upload/201407/20140717105249921805.jpg" border="0"><br>', '毛桃木莲')
GO
CREATE TABLE monitor_log ( id NUMERIC(19,0) NOT NULL IDENTITY, disarm INT DEFAULT 0 NOT NULL, log_type SMALLINT, message VARCHAR(256) COLLATE Chinese_PRC_CI_AS, object_id INT, value FLOAT(53), PRIMARY KEY (id) )
GO
insert into monitor_log (id, disarm, log_type, message, object_id, value) values (1200, 0, 1, '编号为16387的植物已经失去联系，最后在园时间：2014-08-04 5:18:11', 16387, 1648664.0)
GO
insert into monitor_log (id, disarm, log_type, message, object_id, value) values (1201, 0, 1, '编号为16385的植物已经失去联系，最后在园时间：2014-08-01 0:50:9', 16385, 2.77930664E8)
GO
insert into monitor_log (id, disarm, log_type, message, object_id, value) values (1202, 0, 1, '编号为16386的植物已经失去联系，最后在园时间：2014-08-04 5:18:11', 16386, 2648664.0)
GO
insert into monitor_log (id, disarm, log_type, message, object_id, value) values (1203, 0, 1, '编号为21862的植物已经失去联系，最后在园时间：2014-08-04 5:18:11', 21862, 2648664.0)
GO
insert into monitor_log (id, disarm, log_type, message, object_id, value) values (1204, 0, 1, '编号为16387的植物已经失去联系，最后在园时间：2014-08-04 5:18:11', 16387, 2648664.0)
GO
insert into monitor_log (id, disarm, log_type, message, object_id, value) values (1205, 0, 1, '编号为16385的植物已经失去联系，最后在园时间：2014-08-01 0:50:9', 16385, 2.78930664E8)
GO
insert into monitor_log (id, disarm, log_type, message, object_id, value) values (1206, 0, 1, '编号为16386的植物已经失去联系，最后在园时间：2014-08-04 6:6:1', 16386, 778664.0)
GO
insert into monitor_log (id, disarm, log_type, message, object_id, value) values (1207, 0, 1, '编号为21862的植物已经失去联系，最后在园时间：2014-08-04 6:6:1', 21862, 778664.0)
GO
insert into monitor_log (id, disarm, log_type, message, object_id, value) values (1208, 0, 1, '编号为16387的植物已经失去联系，最后在园时间：2014-08-04 6:6:1', 16387, 778664.0)
GO
insert into monitor_log (id, disarm, log_type, message, object_id, value) values (1209, 0, 1, '编号为16385的植物已经失去联系，最后在园时间：2014-08-01 0:50:9', 16385, 2.7993068E8)
GO
insert into monitor_log (id, disarm, log_type, message, object_id, value) values (1210, 0, 1, '编号为16386的植物已经失去联系，最后在园时间：2014-08-04 6:6:1', 16386, 1778680.0)
GO
insert into monitor_log (id, disarm, log_type, message, object_id, value) values (1211, 0, 1, '编号为21862的植物已经失去联系，最后在园时间：2014-08-04 6:6:1', 21862, 1778680.0)
GO
insert into monitor_log (id, disarm, log_type, message, object_id, value) values (1212, 0, 1, '编号为16387的植物已经失去联系，最后在园时间：2014-08-04 6:6:1', 16387, 1778680.0)
GO
insert into monitor_log (id, disarm, log_type, message, object_id, value) values (1213, 0, 1, '编号为16385的植物已经失去联系，最后在园时间：2014-08-01 0:50:9', 16385, 2.8093068E8)
GO
insert into monitor_log (id, disarm, log_type, message, object_id, value) values (1214, 0, 1, '编号为16386的植物已经失去联系，最后在园时间：2014-08-04 6:6:1', 16386, 2778680.0)
GO
insert into monitor_log (id, disarm, log_type, message, object_id, value) values (1215, 0, 1, '编号为21862的植物已经失去联系，最后在园时间：2014-08-04 6:6:1', 21862, 2778680.0)
GO
insert into monitor_log (id, disarm, log_type, message, object_id, value) values (1216, 0, 1, '编号为16387的植物已经失去联系，最后在园时间：2014-08-04 6:6:1', 16387, 2778680.0)
GO
insert into monitor_log (id, disarm, log_type, message, object_id, value) values (1217, 0, 1, '编号为16385的植物已经失去联系，最后在园时间：2014-08-01 0:50:9', 16385, 2.8193068E8)
GO
insert into monitor_log (id, disarm, log_type, message, object_id, value) values (1218, 0, 1, '编号为16386的植物已经失去联系，最后在园时间：2014-08-04 6:53:51', 16386, 908680.0)
GO
insert into monitor_log (id, disarm, log_type, message, object_id, value) values (1219, 0, 1, '编号为21862的植物已经失去联系，最后在园时间：2014-08-04 6:53:51', 21862, 908680.0)
GO
insert into monitor_log (id, disarm, log_type, message, object_id, value) values (1220, 0, 1, '编号为16387的植物已经失去联系，最后在园时间：2014-08-04 6:53:51', 16387, 908680.0)
GO
insert into monitor_log (id, disarm, log_type, message, object_id, value) values (1221, 0, 1, '编号为16385的植物已经失去联系，最后在园时间：2014-08-01 0:50:9', 16385, 2.8293068E8)
GO
insert into monitor_log (id, disarm, log_type, message, object_id, value) values (1222, 0, 1, '编号为16386的植物已经失去联系，最后在园时间：2014-08-04 6:53:51', 16386, 1908680.0)
GO
insert into monitor_log (id, disarm, log_type, message, object_id, value) values (1223, 0, 1, '编号为21862的植物已经失去联系，最后在园时间：2014-08-04 6:53:51', 21862, 1908680.0)
GO
insert into monitor_log (id, disarm, log_type, message, object_id, value) values (1224, 0, 1, '编号为16387的植物已经失去联系，最后在园时间：2014-08-04 6:53:51', 16387, 1908680.0)
GO
insert into monitor_log (id, disarm, log_type, message, object_id, value) values (1225, 0, 1, '编号为16385的植物已经失去联系，最后在园时间：2014-08-01 0:50:9', 16385, 2.8393068E8)
GO
insert into monitor_log (id, disarm, log_type, message, object_id, value) values (1226, 0, 1, '编号为16385的植物已经失去联系，最后在园时间：2014-08-01 0:50:9', 16385, 2.84930664E8)
GO
insert into monitor_log (id, disarm, log_type, message, object_id, value) values (1227, 0, 1, '编号为16386的植物已经失去联系，最后在园时间：2014-08-04 7:41:41', 16386, 1038664.0)
GO
insert into monitor_log (id, disarm, log_type, message, object_id, value) values (1228, 0, 1, '编号为21862的植物已经失去联系，最后在园时间：2014-08-04 7:41:41', 21862, 1038664.0)
GO
insert into monitor_log (id, disarm, log_type, message, object_id, value) values (1229, 0, 1, '编号为16387的植物已经失去联系，最后在园时间：2014-08-04 7:41:41', 16387, 1038664.0)
GO
insert into monitor_log (id, disarm, log_type, message, object_id, value) values (1230, 0, 1, '编号为16385的植物已经失去联系，最后在园时间：2014-08-01 0:50:9', 16385, 2.8593068E8)
GO
insert into monitor_log (id, disarm, log_type, message, object_id, value) values (1231, 0, 1, '编号为16386的植物已经失去联系，最后在园时间：2014-08-04 7:41:41', 16386, 2038680.0)
GO
insert into monitor_log (id, disarm, log_type, message, object_id, value) values (1232, 0, 1, '编号为21862的植物已经失去联系，最后在园时间：2014-08-04 7:41:41', 21862, 2038680.0)
GO
insert into monitor_log (id, disarm, log_type, message, object_id, value) values (1233, 0, 1, '编号为16387的植物已经失去联系，最后在园时间：2014-08-04 7:41:41', 16387, 2038680.0)
GO
insert into monitor_log (id, disarm, log_type, message, object_id, value) values (1234, 0, 1, '编号为16385的植物已经失去联系，最后在园时间：2014-08-01 0:50:9', 16385, 2.86930664E8)
GO
insert into monitor_log (id, disarm, log_type, message, object_id, value) values (1235, 0, 1, '编号为16385的植物已经失去联系，最后在园时间：2014-08-01 0:50:9', 16385, 2.8793068E8)
GO
insert into monitor_log (id, disarm, log_type, message, object_id, value) values (1236, 0, 1, '编号为16386的植物已经失去联系，最后在园时间：2014-08-04 8:29:35', 16386, 1164680.0)
GO
insert into monitor_log (id, disarm, log_type, message, object_id, value) values (1237, 0, 1, '编号为21862的植物已经失去联系，最后在园时间：2014-08-04 8:29:35', 21862, 1164680.0)
GO
insert into monitor_log (id, disarm, log_type, message, object_id, value) values (1238, 0, 1, '编号为16387的植物已经失去联系，最后在园时间：2014-08-04 8:29:35', 16387, 1164680.0)
GO
insert into monitor_log (id, disarm, log_type, message, object_id, value) values (1239, 0, 1, '编号为16385的植物已经失去联系，最后在园时间：2014-08-01 0:50:9', 16385, 2.88930664E8)
GO
insert into monitor_log (id, disarm, log_type, message, object_id, value) values (1240, 0, 1, '编号为16386的植物已经失去联系，最后在园时间：2014-08-04 8:29:35', 16386, 2164664.0)
GO
insert into monitor_log (id, disarm, log_type, message, object_id, value) values (1241, 0, 1, '编号为21862的植物已经失去联系，最后在园时间：2014-08-04 8:29:35', 21862, 2164664.0)
GO
insert into monitor_log (id, disarm, log_type, message, object_id, value) values (1242, 0, 1, '编号为16387的植物已经失去联系，最后在园时间：2014-08-04 8:29:35', 16387, 2164664.0)
GO
insert into monitor_log (id, disarm, log_type, message, object_id, value) values (1243, 0, 1, '编号为16385的植物已经失去联系，最后在园时间：2014-08-01 0:50:9', 16385, 2.8993068E8)
GO
insert into monitor_log (id, disarm, log_type, message, object_id, value) values (1244, 0, 1, '编号为16386的植物已经失去联系，最后在园时间：2014-08-04 9:17:24', 16386, 295680.0)
GO
insert into monitor_log (id, disarm, log_type, message, object_id, value) values (1245, 0, 1, '编号为21862的植物已经失去联系，最后在园时间：2014-08-04 9:17:24', 21862, 295680.0)
GO
insert into monitor_log (id, disarm, log_type, message, object_id, value) values (1246, 0, 1, '编号为16387的植物已经失去联系，最后在园时间：2014-08-04 9:17:24', 16387, 295680.0)
GO
insert into monitor_log (id, disarm, log_type, message, object_id, value) values (1247, 0, 1, '编号为16385的植物已经失去联系，最后在园时间：2014-08-01 0:50:9', 16385, 2.90930664E8)
GO
insert into monitor_log (id, disarm, log_type, message, object_id, value) values (1248, 0, 1, '编号为16386的植物已经失去联系，最后在园时间：2014-08-04 9:17:24', 16386, 1295664.0)
GO
insert into monitor_log (id, disarm, log_type, message, object_id, value) values (1249, 0, 1, '编号为21862的植物已经失去联系，最后在园时间：2014-08-04 9:17:24', 21862, 1295664.0)
GO
insert into monitor_log (id, disarm, log_type, message, object_id, value) values (1250, 0, 1, '编号为16387的植物已经失去联系，最后在园时间：2014-08-04 9:17:24', 16387, 1295664.0)
GO
insert into monitor_log (id, disarm, log_type, message, object_id, value) values (1251, 0, 1, '编号为16385的植物已经失去联系，最后在园时间：2014-08-01 0:50:9', 16385, 2.91930664E8)
GO
insert into monitor_log (id, disarm, log_type, message, object_id, value) values (1252, 0, 1, '编号为16386的植物已经失去联系，最后在园时间：2014-08-04 9:17:24', 16386, 2295664.0)
GO
insert into monitor_log (id, disarm, log_type, message, object_id, value) values (1253, 0, 1, '编号为21862的植物已经失去联系，最后在园时间：2014-08-04 9:17:24', 21862, 2295664.0)
GO
insert into monitor_log (id, disarm, log_type, message, object_id, value) values (1254, 0, 1, '编号为16387的植物已经失去联系，最后在园时间：2014-08-04 9:17:24', 16387, 2295664.0)
GO
insert into monitor_log (id, disarm, log_type, message, object_id, value) values (1255, 0, 1, '编号为16385的植物已经失去联系，最后在园时间：2014-08-01 0:50:9', 16385, 2.92930664E8)
GO
insert into monitor_log (id, disarm, log_type, message, object_id, value) values (1256, 0, 1, '编号为16386的植物已经失去联系，最后在园时间：2014-08-04 10:5:17', 16386, 422664.0)
GO
insert into monitor_log (id, disarm, log_type, message, object_id, value) values (1257, 0, 1, '编号为21862的植物已经失去联系，最后在园时间：2014-08-04 10:5:17', 21862, 422664.0)
GO
insert into monitor_log (id, disarm, log_type, message, object_id, value) values (1258, 0, 1, '编号为16387的植物已经失去联系，最后在园时间：2014-08-04 10:5:17', 16387, 422664.0)
GO
insert into monitor_log (id, disarm, log_type, message, object_id, value) values (1259, 0, 1, '编号为16385的植物已经失去联系，最后在园时间：2014-08-01 0:50:9', 16385, 2.93930664E8)
GO
insert into monitor_log (id, disarm, log_type, message, object_id, value) values (1260, 0, 1, '编号为16386的植物已经失去联系，最后在园时间：2014-08-04 10:5:17', 16386, 1422664.0)
GO
insert into monitor_log (id, disarm, log_type, message, object_id, value) values (1261, 0, 1, '编号为21862的植物已经失去联系，最后在园时间：2014-08-04 10:5:17', 21862, 1422664.0)
GO
insert into monitor_log (id, disarm, log_type, message, object_id, value) values (1262, 0, 1, '编号为16387的植物已经失去联系，最后在园时间：2014-08-04 10:5:17', 16387, 1422664.0)
GO
insert into monitor_log (id, disarm, log_type, message, object_id, value) values (1263, 0, 1, '编号为16385的植物已经失去联系，最后在园时间：2014-08-01 0:50:9', 16385, 2.94930664E8)
GO
insert into monitor_log (id, disarm, log_type, message, object_id, value) values (1264, 0, 1, '编号为16385的植物已经失去联系，最后在园时间：2014-08-01 0:50:9', 16385, 2.95930664E8)
GO
insert into monitor_log (id, disarm, log_type, message, object_id, value) values (1265, 0, 1, '编号为16385的植物已经失去联系，最后在园时间：2014-08-01 0:50:9', 16385, 2.9693068E8)
GO
insert into monitor_log (id, disarm, log_type, message, object_id, value) values (1266, 0, 1, '编号为16385的植物已经失去联系，最后在园时间：2014-08-01 0:50:9', 16385, 2.9793068E8)
GO
insert into monitor_log (id, disarm, log_type, message, object_id, value) values (1267, 0, 1, '编号为16386的植物已经失去联系，最后在园时间：2014-08-04 10:5:17', 16386, 5422680.0)
GO
insert into monitor_log (id, disarm, log_type, message, object_id, value) values (1268, 0, 1, '编号为21862的植物已经失去联系，最后在园时间：2014-08-04 10:5:17', 21862, 5422680.0)
GO
insert into monitor_log (id, disarm, log_type, message, object_id, value) values (1269, 0, 1, '编号为16387的植物已经失去联系，最后在园时间：2014-08-04 10:5:17', 16387, 5422680.0)
GO
insert into monitor_log (id, disarm, log_type, message, object_id, value) values (1270, 0, 1, '编号为16385的植物已经失去联系，最后在园时间：2014-08-01 0:50:9', 16385, 2.98930664E8)
GO
insert into monitor_log (id, disarm, log_type, message, object_id, value) values (1271, 0, 1, '编号为16385的植物已经失去联系，最后在园时间：2014-08-01 0:50:9', 16385, 2.99930664E8)
GO
insert into monitor_log (id, disarm, log_type, message, object_id, value) values (1272, 0, 1, '编号为16385的植物已经失去联系，最后在园时间：2014-08-01 0:50:9', 16385, 3.0093068E8)
GO
insert into monitor_log (id, disarm, log_type, message, object_id, value) values (1273, 0, 1, '编号为16385的植物已经失去联系，最后在园时间：2014-08-01 0:50:9', 16385, 3.0193068E8)
GO
insert into monitor_log (id, disarm, log_type, message, object_id, value) values (1274, 0, 1, '编号为16385的植物已经失去联系，最后在园时间：2014-08-01 0:50:9', 16385, 3.0293068E8)
GO
insert into monitor_log (id, disarm, log_type, message, object_id, value) values (1275, 0, 1, '编号为16385的植物已经失去联系，最后在园时间：2014-08-01 0:50:9', 16385, 3.03930664E8)
GO
insert into monitor_log (id, disarm, log_type, message, object_id, value) values (1276, 0, 1, '编号为16385的植物已经失去联系，最后在园时间：2014-08-01 0:50:9', 16385, 3.04930664E8)
GO
insert into monitor_log (id, disarm, log_type, message, object_id, value) values (1277, 0, 1, '编号为16385的植物已经失去联系，最后在园时间：2014-08-01 0:50:9', 16385, 3.0593068E8)
GO
insert into monitor_log (id, disarm, log_type, message, object_id, value) values (1278, 0, 1, '编号为16385的植物已经失去联系，最后在园时间：2014-08-01 0:50:9', 16385, 3.0693068E8)
GO
insert into monitor_log (id, disarm, log_type, message, object_id, value) values (1279, 0, 1, '编号为16385的植物已经失去联系，最后在园时间：2014-08-01 0:50:9', 16385, 3.07930664E8)
GO
insert into monitor_log (id, disarm, log_type, message, object_id, value) values (1280, 0, 1, '编号为16385的植物已经失去联系，最后在园时间：2014-08-01 0:50:9', 16385, 3.0893068E8)
GO
insert into monitor_log (id, disarm, log_type, message, object_id, value) values (1281, 0, 1, '编号为16385的植物已经失去联系，最后在园时间：2014-08-01 0:50:9', 16385, 3.09930664E8)
GO
insert into monitor_log (id, disarm, log_type, message, object_id, value) values (1282, 0, 1, '编号为16385的植物已经失去联系，最后在园时间：2014-08-01 0:50:9', 16385, 3.10930664E8)
GO
insert into monitor_log (id, disarm, log_type, message, object_id, value) values (1283, 0, 1, '编号为16385的植物已经失去联系，最后在园时间：2014-08-01 0:50:9', 16385, 3.11930664E8)
GO
insert into monitor_log (id, disarm, log_type, message, object_id, value) values (1284, 0, 1, '编号为16385的植物已经失去联系，最后在园时间：2014-08-01 0:50:9', 16385, 3.1293068E8)
GO
insert into monitor_log (id, disarm, log_type, message, object_id, value) values (1285, 0, 1, '编号为16385的植物已经失去联系，最后在园时间：2014-08-01 0:50:9', 16385, 3.13930664E8)
GO
insert into monitor_log (id, disarm, log_type, message, object_id, value) values (1286, 0, 1, '编号为16385的植物已经失去联系，最后在园时间：2014-08-01 0:50:9', 16385, 3.14930664E8)
GO
insert into monitor_log (id, disarm, log_type, message, object_id, value) values (1287, 0, 1, '编号为16385的植物已经失去联系，最后在园时间：2014-08-01 0:50:9', 16385, 3.15930664E8)
GO
insert into monitor_log (id, disarm, log_type, message, object_id, value) values (1288, 0, 1, '编号为16385的植物已经失去联系，最后在园时间：2014-08-01 0:50:9', 16385, 3.1693068E8)
GO
insert into monitor_log (id, disarm, log_type, message, object_id, value) values (1289, 0, 1, '编号为16385的植物已经失去联系，最后在园时间：2014-08-01 0:50:9', 16385, 3.17930664E8)
GO
insert into monitor_log (id, disarm, log_type, message, object_id, value) values (1290, 0, 1, '编号为16385的植物已经失去联系，最后在园时间：2014-08-01 0:50:9', 16385, 3.1893068E8)
GO
insert into monitor_log (id, disarm, log_type, message, object_id, value) values (1291, 0, 1, '编号为16385的植物已经失去联系，最后在园时间：2014-08-01 0:50:9', 16385, 3.1993068E8)
GO
insert into monitor_log (id, disarm, log_type, message, object_id, value) values (1292, 0, 1, '编号为16385的植物已经失去联系，最后在园时间：2014-08-01 0:50:9', 16385, 3.20930664E8)
GO
insert into monitor_log (id, disarm, log_type, message, object_id, value) values (1293, 0, 1, '编号为16385的植物已经失去联系，最后在园时间：2014-08-01 0:50:9', 16385, 3.2193068E8)
GO
insert into monitor_log (id, disarm, log_type, message, object_id, value) values (1294, 0, 1, '编号为16385的植物已经失去联系，最后在园时间：2014-08-01 0:50:9', 16385, 3.22930664E8)
GO
insert into monitor_log (id, disarm, log_type, message, object_id, value) values (1295, 0, 1, '编号为16385的植物已经失去联系，最后在园时间：2014-08-01 0:50:9', 16385, 3.23930664E8)
GO
insert into monitor_log (id, disarm, log_type, message, object_id, value) values (1296, 0, 1, '编号为16385的植物已经失去联系，最后在园时间：2014-08-01 0:50:9', 16385, 3.24930664E8)
GO
insert into monitor_log (id, disarm, log_type, message, object_id, value) values (1297, 0, 1, '编号为16385的植物已经失去联系，最后在园时间：2014-08-01 0:50:9', 16385, 3.25930664E8)
GO
insert into monitor_log (id, disarm, log_type, message, object_id, value) values (1298, 0, 1, '编号为16385的植物已经失去联系，最后在园时间：2014-08-01 0:50:9', 16385, 3.26930664E8)
GO
insert into monitor_log (id, disarm, log_type, message, object_id, value) values (1299, 0, 1, '编号为16385的植物已经失去联系，最后在园时间：2014-08-01 0:50:9', 16385, 3.27930664E8)
GO
CREATE TABLE role ( id NUMERIC(19,0) NOT NULL IDENTITY, description VARCHAR(200) COLLATE Chinese_PRC_CI_AS, role_key VARCHAR(40) COLLATE Chinese_PRC_CI_AS NOT NULL, role_value VARCHAR(40) COLLATE Chinese_PRC_CI_AS NOT NULL, PRIMARY KEY (id), CONSTRAINT UK_kq6633upjks80igxj3rx1f93q UNIQUE (role_key) )
GO
CREATE TABLE role_authority ( id NUMERIC(19,0) NOT NULL IDENTITY, authority_id VARCHAR(10) COLLATE Chinese_PRC_CI_AS NOT NULL, role SMALLINT NOT NULL, PRIMARY KEY (id) )
GO
insert into role_authority (id, authority_id, role) values (138, '1', 1)
GO
insert into role_authority (id, authority_id, role) values (139, '2', 1)
GO
insert into role_authority (id, authority_id, role) values (140, '3', 1)
GO
insert into role_authority (id, authority_id, role) values (141, '4', 1)
GO
insert into role_authority (id, authority_id, role) values (142, '5', 1)
GO
insert into role_authority (id, authority_id, role) values (143, '5Add', 1)
GO
insert into role_authority (id, authority_id, role) values (144, '5Edit', 1)
GO
insert into role_authority (id, authority_id, role) values (145, '5Delete', 1)
GO
insert into role_authority (id, authority_id, role) values (146, '5View', 1)
GO
insert into role_authority (id, authority_id, role) values (147, '6', 1)
GO
insert into role_authority (id, authority_id, role) values (148, '7', 1)
GO
insert into role_authority (id, authority_id, role) values (149, '7Add', 1)
GO
insert into role_authority (id, authority_id, role) values (150, '7Edit', 1)
GO
insert into role_authority (id, authority_id, role) values (151, '7Delete', 1)
GO
insert into role_authority (id, authority_id, role) values (152, '7View', 1)
GO
insert into role_authority (id, authority_id, role) values (153, '8', 1)
GO
insert into role_authority (id, authority_id, role) values (154, '8Add', 1)
GO
insert into role_authority (id, authority_id, role) values (155, '8Edit', 1)
GO
insert into role_authority (id, authority_id, role) values (156, '8Delete', 1)
GO
insert into role_authority (id, authority_id, role) values (157, '8View', 1)
GO
insert into role_authority (id, authority_id, role) values (158, '9', 1)
GO
insert into role_authority (id, authority_id, role) values (159, '9Import', 1)
GO
insert into role_authority (id, authority_id, role) values (160, '9Edit', 1)
GO
insert into role_authority (id, authority_id, role) values (161, '9Delete', 1)
GO
insert into role_authority (id, authority_id, role) values (162, '9View', 1)
GO
insert into role_authority (id, authority_id, role) values (163, '9Export', 1)
GO
insert into role_authority (id, authority_id, role) values (164, '10', 1)
GO
insert into role_authority (id, authority_id, role) values (165, '10View', 1)
GO
insert into role_authority (id, authority_id, role) values (166, '10Query', 1)
GO
insert into role_authority (id, authority_id, role) values (167, '11', 1)
GO
insert into role_authority (id, authority_id, role) values (168, '12', 1)
GO
insert into role_authority (id, authority_id, role) values (169, '12Add', 1)
GO
insert into role_authority (id, authority_id, role) values (170, '12Edit', 1)
GO
insert into role_authority (id, authority_id, role) values (171, '12Delete', 1)
GO
insert into role_authority (id, authority_id, role) values (172, '12View', 1)
GO
insert into role_authority (id, authority_id, role) values (173, '13', 1)
GO
insert into role_authority (id, authority_id, role) values (174, '14', 1)
GO
insert into role_authority (id, authority_id, role) values (175, '15', 1)
GO
insert into role_authority (id, authority_id, role) values (176, '16', 1)
GO
insert into role_authority (id, authority_id, role) values (177, '16Add', 1)
GO
insert into role_authority (id, authority_id, role) values (178, '16Edit', 1)
GO
insert into role_authority (id, authority_id, role) values (179, '16Delete', 1)
GO
insert into role_authority (id, authority_id, role) values (180, '16View', 1)
GO
insert into role_authority (id, authority_id, role) values (181, '17', 1)
GO
insert into role_authority (id, authority_id, role) values (182, '18', 1)
GO
insert into role_authority (id, authority_id, role) values (183, '18Add', 1)
GO
insert into role_authority (id, authority_id, role) values (184, '18Edit', 1)
GO
insert into role_authority (id, authority_id, role) values (185, '18Delete', 1)
GO
insert into role_authority (id, authority_id, role) values (186, '18View', 1)
GO
insert into role_authority (id, authority_id, role) values (187, '19', 1)
GO
insert into role_authority (id, authority_id, role) values (188, '19Add', 1)
GO
insert into role_authority (id, authority_id, role) values (189, '19Edit', 1)
GO
insert into role_authority (id, authority_id, role) values (190, '19Delete', 1)
GO
insert into role_authority (id, authority_id, role) values (191, '19View', 1)
GO
insert into role_authority (id, authority_id, role) values (192, '20', 1)
GO
insert into role_authority (id, authority_id, role) values (193, '20Add', 1)
GO
insert into role_authority (id, authority_id, role) values (194, '20Edit', 1)
GO
insert into role_authority (id, authority_id, role) values (195, '20Delete', 1)
GO
insert into role_authority (id, authority_id, role) values (196, '20View', 1)
GO
insert into role_authority (id, authority_id, role) values (197, '21', 1)
GO
insert into role_authority (id, authority_id, role) values (198, '22', 1)
GO
insert into role_authority (id, authority_id, role) values (199, '23', 1)
GO
insert into role_authority (id, authority_id, role) values (200, '24', 1)
GO
CREATE TABLE sensor ( id NUMERIC(19,0) NOT NULL IDENTITY, epc_id VARCHAR(100) COLLATE Chinese_PRC_CI_AS, sensor_id INT, type SMALLINT, xcoordinate FLOAT(53), ycoordinate FLOAT(53), PRIMARY KEY (id) )
GO
insert into sensor (id, epc_id, sensor_id, type, xcoordinate, ycoordinate) values (1, '67522715.0100001.1', 16385, 1, 100.125, 137.75)
GO
insert into sensor (id, epc_id, sensor_id, type, xcoordinate, ycoordinate) values (2, '67522715.0100001.2', 554602, 2, 101.375, 138.375)
GO
insert into sensor (id, epc_id, sensor_id, type, xcoordinate, ycoordinate) values (3, '67522715.0100001.3', 554603, 2, 101.375, 139.15625)
GO
insert into sensor (id, epc_id, sensor_id, type, xcoordinate, ycoordinate) values (4, '67522715.0100001.4', 554604, 2, 104.6875, 138.9375)
GO
insert into sensor (id, epc_id, sensor_id, type, xcoordinate, ycoordinate) values (5, '67522715.0100001.5', 554605, 2, 103.8125, 140.40625)
GO
insert into sensor (id, epc_id, sensor_id, type, xcoordinate, ycoordinate) values (6, '67522715.0100001.6', 554606, 2, 107.37, 148.0)
GO
insert into sensor (id, epc_id, sensor_id, type, xcoordinate, ycoordinate) values (7, '67522715.0100001.7', 554607, 2, 110.25, 149.62)
GO
insert into sensor (id, epc_id, sensor_id, type, xcoordinate, ycoordinate) values (8, '67522715.0100001.8', 554608, 2, 112.0, 151.8)
GO
insert into sensor (id, epc_id, sensor_id, type, xcoordinate, ycoordinate) values (9, '67522715.0100001.9', 554609, 2, 114.0, 149.0)
GO
insert into sensor (id, epc_id, sensor_id, type, xcoordinate, ycoordinate) values (10, null, 554610, null, 115.0, 148.0)
GO
insert into sensor (id, epc_id, sensor_id, type, xcoordinate, ycoordinate) values (11, '67522715.0100001.11', 554611, 2, 115.5, 148.2)
GO
insert into sensor (id, epc_id, sensor_id, type, xcoordinate, ycoordinate) values (12, '67522715.0100001.12', 554612, 2, 116.0, 147.5)
GO
insert into sensor (id, epc_id, sensor_id, type, xcoordinate, ycoordinate) values (13, '67522715.0100001.13', 554613, 2, 115.5, 147.4)
GO
insert into sensor (id, epc_id, sensor_id, type, xcoordinate, ycoordinate) values (14, '67522715.0100001.14', 554614, 2, 110.0, 148.0)
GO
insert into sensor (id, epc_id, sensor_id, type, xcoordinate, ycoordinate) values (15, '67522715.0100001.15', 554615, 2, 110.5, 148.0)
GO
insert into sensor (id, epc_id, sensor_id, type, xcoordinate, ycoordinate) values (16, '67522715.0100001.16', 554616, 2, 111.0, 147.8)
GO
insert into sensor (id, epc_id, sensor_id, type, xcoordinate, ycoordinate) values (17, '67522715.0100001.17', 554617, 2, 111.5, 147.8)
GO
insert into sensor (id, epc_id, sensor_id, type, xcoordinate, ycoordinate) values (18, '67522715.0100001.18', 554618, 2, 111.0, 147.4)
GO
insert into sensor (id, epc_id, sensor_id, type, xcoordinate, ycoordinate) values (19, '67522715.0100001.19', 554619, 2, 111.0, 147.2)
GO
insert into sensor (id, epc_id, sensor_id, type, xcoordinate, ycoordinate) values (20, '67522715.0100001.20', 554620, 2, 107.0, 147.0)
GO
insert into sensor (id, epc_id, sensor_id, type, xcoordinate, ycoordinate) values (21, '67522715.0100001.21', 554621, 2, 107.0, 147.2)
GO
insert into sensor (id, epc_id, sensor_id, type, xcoordinate, ycoordinate) values (22, '67522715.0100001.22', 554622, 2, 106.0, 147.1)
GO
insert into sensor (id, epc_id, sensor_id, type, xcoordinate, ycoordinate) values (23, '67522715.0100001.23', 554623, 2, 106.5, 147.2)
GO
insert into sensor (id, epc_id, sensor_id, type, xcoordinate, ycoordinate) values (24, '67522715.0100001.24', 554624, 2, 108.0, 147.2)
GO
insert into sensor (id, epc_id, sensor_id, type, xcoordinate, ycoordinate) values (25, '67522715.0100001.25', 554625, 2, 111.0, 147.2)
GO
insert into sensor (id, epc_id, sensor_id, type, xcoordinate, ycoordinate) values (26, '67522715.0100001.26', 554626, 2, 111.5, 147.2)
GO
insert into sensor (id, epc_id, sensor_id, type, xcoordinate, ycoordinate) values (27, '67522715.0100001.27', 554627, 2, 111.5, 147.1)
GO
insert into sensor (id, epc_id, sensor_id, type, xcoordinate, ycoordinate) values (28, '67522715.0100001.28', 554628, 2, 111.6, 147.2)
GO
insert into sensor (id, epc_id, sensor_id, type, xcoordinate, ycoordinate) values (29, '67522715.0100001.29', 554629, 2, 110.0, 147.1)
GO
insert into sensor (id, epc_id, sensor_id, type, xcoordinate, ycoordinate) values (30, '67522715.0100001.30', 554630, 2, 110.0, 147.0)
GO
insert into sensor (id, epc_id, sensor_id, type, xcoordinate, ycoordinate) values (31, '67522715.0100001.31', 554631, 2, 107.0, 147.0)
GO
insert into sensor (id, epc_id, sensor_id, type, xcoordinate, ycoordinate) values (32, '67522715.0100001.32', 554632, 2, 90.0, 149.0)
GO
insert into sensor (id, epc_id, sensor_id, type, xcoordinate, ycoordinate) values (33, '67522715.0100001.33', 554633, 2, 90.0, 150.0)
GO
insert into sensor (id, epc_id, sensor_id, type, xcoordinate, ycoordinate) values (34, '67522715.0100001.34', 554634, 2, 90.0, 150.0)
GO
insert into sensor (id, epc_id, sensor_id, type, xcoordinate, ycoordinate) values (35, '67522715.0100001.35', 554635, 2, 90.0, 152.0)
GO
insert into sensor (id, epc_id, sensor_id, type, xcoordinate, ycoordinate) values (36, '67522715.0100001.36', 554636, 2, 90.0, 152.0)
GO
insert into sensor (id, epc_id, sensor_id, type, xcoordinate, ycoordinate) values (37, '67522715.0100001.37', 554637, 2, 94.0, 156.0)
GO
insert into sensor (id, epc_id, sensor_id, type, xcoordinate, ycoordinate) values (38, '67522715.0100001.38', 554638, 2, 86.0, 157.0)
GO
insert into sensor (id, epc_id, sensor_id, type, xcoordinate, ycoordinate) values (39, '67522715.0100001.39', 554639, 2, 84.0, 157.0)
GO
insert into sensor (id, epc_id, sensor_id, type, xcoordinate, ycoordinate) values (40, '67522715.0100001.40', 554640, 2, 94.0, 157.0)
GO
insert into sensor (id, epc_id, sensor_id, type, xcoordinate, ycoordinate) values (41, '67522715.0100001.41', 554641, 2, 84.0, 158.0)
GO
insert into sensor (id, epc_id, sensor_id, type, xcoordinate, ycoordinate) values (42, '67522715.0100001.42', 554642, 2, 108.0, 155.0)
GO
insert into sensor (id, epc_id, sensor_id, type, xcoordinate, ycoordinate) values (43, '67522715.0100001.43', 554643, 2, 100.0, 154.0)
GO
insert into sensor (id, epc_id, sensor_id, type, xcoordinate, ycoordinate) values (44, '67522715.0100001.44', 554644, 2, 90.0, 147.0)
GO
insert into sensor (id, epc_id, sensor_id, type, xcoordinate, ycoordinate) values (45, '67522715.0100001.45', 554645, 2, 88.0, 146.5)
GO
insert into sensor (id, epc_id, sensor_id, type, xcoordinate, ycoordinate) values (46, '67522715.0100001.46', 554646, 2, 88.0, 146.0)
GO
insert into sensor (id, epc_id, sensor_id, type, xcoordinate, ycoordinate) values (47, '67522715.0100001.47', 554647, 2, 88.0, 146.0)
GO
insert into sensor (id, epc_id, sensor_id, type, xcoordinate, ycoordinate) values (48, '67522715.0100001.48', 554648, 2, 88.0, 146.0)
GO
insert into sensor (id, epc_id, sensor_id, type, xcoordinate, ycoordinate) values (49, '67522715.0100001.49', 554649, 2, 88.0, 145.5)
GO
insert into sensor (id, epc_id, sensor_id, type, xcoordinate, ycoordinate) values (50, '67522715.0100001.50', 554650, 2, 88.0, 145.5)
GO
insert into sensor (id, epc_id, sensor_id, type, xcoordinate, ycoordinate) values (51, '67522715.0100001.51 ', 555501, 2, 108.3125, 138.21875)
GO
insert into sensor (id, epc_id, sensor_id, type, xcoordinate, ycoordinate) values (54, '67522715.0100001.54 ', 555502, 2, 108.59, 129.62)
GO
insert into sensor (id, epc_id, sensor_id, type, xcoordinate, ycoordinate) values (55, '67522715.0100001.55 ', 38435, 2, 108.3125, 137.25)
GO
insert into sensor (id, epc_id, sensor_id, type, xcoordinate, ycoordinate) values (56, '67522715.0100001.56 ', 612854, 2, 106.75, 134.09375)
GO
insert into sensor (id, epc_id, sensor_id, type, xcoordinate, ycoordinate) values (57, '67522715.0100001.57', 328101, 2, 94.0, 121.5)
GO
insert into sensor (id, epc_id, sensor_id, type, xcoordinate, ycoordinate) values (58, '67522715.0100001.58 ', 375648, 2, 106.65625, 135.3125)
GO
insert into sensor (id, epc_id, sensor_id, type, xcoordinate, ycoordinate) values (59, '67522715.0100001.59', 328102, 2, 95.0, 123.0)
GO
insert into sensor (id, epc_id, sensor_id, type, xcoordinate, ycoordinate) values (60, '67522715.0100001.60', 328103, 2, 87.0, 121.0)
GO
insert into sensor (id, epc_id, sensor_id, type, xcoordinate, ycoordinate) values (61, '67522715.0100001.61', 328104, 2, 82.0, 122.0)
GO
insert into sensor (id, epc_id, sensor_id, type, xcoordinate, ycoordinate) values (62, '67522715.0100001.62 ', 541284, 2, 108.59, 130.71)
GO
insert into sensor (id, epc_id, sensor_id, type, xcoordinate, ycoordinate) values (63, '67522715.0100001.63 ', 89553, 2, 108.34375, 133.15625)
GO
insert into sensor (id, epc_id, sensor_id, type, xcoordinate, ycoordinate) values (64, '67522715.0100001.64 ', 150640, 2, 106.6875, 133.46875)
GO
insert into sensor (id, epc_id, sensor_id, type, xcoordinate, ycoordinate) values (65, '67522715.0100001.65', 328105, 2, 90.0, 121.0)
GO
insert into sensor (id, epc_id, sensor_id, type, xcoordinate, ycoordinate) values (66, '67522715.0100001.66', 328106, 2, 91.8, 119.0)
GO
insert into sensor (id, epc_id, sensor_id, type, xcoordinate, ycoordinate) values (67, '67522715.0100001.67', 328107, 2, 90.0, 118.0)
GO
insert into sensor (id, epc_id, sensor_id, type, xcoordinate, ycoordinate) values (68, '67522715.0100001.68 ', 16961, 2, 108.49, 127.53)
GO
insert into sensor (id, epc_id, sensor_id, type, xcoordinate, ycoordinate) values (69, '67522715.0100001.69', 328108, 2, 91.8, 117.0)
GO
insert into sensor (id, epc_id, sensor_id, type, xcoordinate, ycoordinate) values (70, '67522715.0100001.70', 328109, 2, 90.0, 116.0)
GO
insert into sensor (id, epc_id, sensor_id, type, xcoordinate, ycoordinate) values (71, '67522715.0100001.71', 328110, 2, 91.8, 115.0)
GO
insert into sensor (id, epc_id, sensor_id, type, xcoordinate, ycoordinate) values (72, '67522715.0100001.72', 328111, 2, 90.0, 115.5)
GO
insert into sensor (id, epc_id, sensor_id, type, xcoordinate, ycoordinate) values (76, '67522715.0100001.76', 328112, 2, 99.0, 121.5)
GO
insert into sensor (id, epc_id, sensor_id, type, xcoordinate, ycoordinate) values (77, '67522715.0100001.77', 328113, 2, 101.0, 124.0)
GO
insert into sensor (id, epc_id, sensor_id, type, xcoordinate, ycoordinate) values (78, '67522715.0100001.78', 328114, 2, 103.0, 122.0)
GO
insert into sensor (id, epc_id, sensor_id, type, xcoordinate, ycoordinate) values (79, '67522715.0100001.79', 328115, 2, 103.0, 125.0)
GO
insert into sensor (id, epc_id, sensor_id, type, xcoordinate, ycoordinate) values (80, '67522715.0100001.80', 328116, 2, 106.0, 125.0)
GO
insert into sensor (id, epc_id, sensor_id, type, xcoordinate, ycoordinate) values (81, '67522715.0100001.81', 328117, 2, 100.0, 121.0)
GO
insert into sensor (id, epc_id, sensor_id, type, xcoordinate, ycoordinate) values (84, '67522715.0100001.84', 328118, 2, 96.0, 121.5)
GO
insert into sensor (id, epc_id, sensor_id, type, xcoordinate, ycoordinate) values (85, '67522715.0100001.85', 328119, 2, 97.0, 123.0)
GO
insert into sensor (id, epc_id, sensor_id, type, xcoordinate, ycoordinate) values (86, '67522715.0100001.86', 328120, 2, 91.8, 114.5)
GO
insert into sensor (id, epc_id, sensor_id, type, xcoordinate, ycoordinate) values (87, '67522715.0100001.87', 328121, 2, 98.0, 121.5)
GO
insert into sensor (id, epc_id, sensor_id, type, xcoordinate, ycoordinate) values (88, '67522715.0100001.88', 328122, 2, 90.0, 113.0)
GO
insert into sensor (id, epc_id, sensor_id, type, xcoordinate, ycoordinate) values (89, '67522715.0100001.89', 328123, 2, 91.8, 112.0)
GO
insert into sensor (id, epc_id, sensor_id, type, xcoordinate, ycoordinate) values (90, '67522715.0100001.90', 328124, 2, 90.0, 111.0)
GO
insert into sensor (id, epc_id, sensor_id, type, xcoordinate, ycoordinate) values (91, '67522715.0100001.91', 328125, 2, 91.8, 110.0)
GO
insert into sensor (id, epc_id, sensor_id, type, xcoordinate, ycoordinate) values (92, '67522715.0100001.92', 328126, 2, 90.0, 119.0)
GO
insert into sensor (id, epc_id, sensor_id, type, xcoordinate, ycoordinate) values (93, '67522715.0100001.93', 328127, 2, 91.8, 108.0)
GO
insert into sensor (id, epc_id, sensor_id, type, xcoordinate, ycoordinate) values (94, '67522715.0100001.94', 328128, 2, 90.0, 108.0)
GO
insert into sensor (id, epc_id, sensor_id, type, xcoordinate, ycoordinate) values (95, '67522715.0100001.95', 101290, 2, 90.0, 107.0)
GO
insert into sensor (id, epc_id, sensor_id, type, xcoordinate, ycoordinate) values (96, '67522715.0100001.96', 101292, 2, 90.0, 106.0)
GO
insert into sensor (id, epc_id, sensor_id, type, xcoordinate, ycoordinate) values (97, '67522715.0100001.97', 329107, 2, 91.8, 106.0)
GO
insert into sensor (id, epc_id, sensor_id, type, xcoordinate, ycoordinate) values (98, '67522715.0100001.98', 329108, 2, 91.8, 105.5)
GO
insert into sensor (id, epc_id, sensor_id, type, xcoordinate, ycoordinate) values (99, '67522715.0100001.99', 329109, 2, 90.0, 105.0)
GO
insert into sensor (id, epc_id, sensor_id, type, xcoordinate, ycoordinate) values (100, '67522715.0100001.100', 329110, 2, 91.8, 104.5)
GO
insert into sensor (id, epc_id, sensor_id, type, xcoordinate, ycoordinate) values (101, '67522715.0100001.101', 329111, 2, 90.0, 104.0)
GO
insert into sensor (id, epc_id, sensor_id, type, xcoordinate, ycoordinate) values (102, '67522715.0100001.102', 329112, 2, 91.8, 103.0)
GO
insert into sensor (id, epc_id, sensor_id, type, xcoordinate, ycoordinate) values (103, '67522715.0100001.103', 329113, 2, 91.8, 101.0)
GO
insert into sensor (id, epc_id, sensor_id, type, xcoordinate, ycoordinate) values (104, '67522715.0100001.104', 329114, 2, 93.0, 100.5)
GO
insert into sensor (id, epc_id, sensor_id, type, xcoordinate, ycoordinate) values (105, '67522715.0100001.105', 329115, 2, 95.0, 100.5)
GO
insert into sensor (id, epc_id, sensor_id, type, xcoordinate, ycoordinate) values (106, '67522715.0100001.106', 329116, 2, 97.0, 100.5)
GO
insert into sensor (id, epc_id, sensor_id, type, xcoordinate, ycoordinate) values (107, '67522715.0100001.107', 329117, 2, 99.0, 100.5)
GO
insert into sensor (id, epc_id, sensor_id, type, xcoordinate, ycoordinate) values (108, '67522715.0100001.108', 329118, 2, 101.0, 100.5)
GO
insert into sensor (id, epc_id, sensor_id, type, xcoordinate, ycoordinate) values (109, '67522715.0100001.109', 329119, 2, 102.0, 102.0)
GO
insert into sensor (id, epc_id, sensor_id, type, xcoordinate, ycoordinate) values (110, '67522715.0100001.110', 329120, 2, 102.0, 103.0)
GO
insert into sensor (id, epc_id, sensor_id, type, xcoordinate, ycoordinate) values (111, '67522715.0100001.111', 329121, 2, 100.0, 104.0)
GO
insert into sensor (id, epc_id, sensor_id, type, xcoordinate, ycoordinate) values (112, '67522715.0100001.112', 329122, 2, 100.0, 105.0)
GO
insert into sensor (id, epc_id, sensor_id, type, xcoordinate, ycoordinate) values (113, '67522715.0100001.113', 329123, 2, 102.0, 106.0)
GO
insert into sensor (id, epc_id, sensor_id, type, xcoordinate, ycoordinate) values (114, '67522715.0100001.114', 329124, 2, 100.0, 107.0)
GO
insert into sensor (id, epc_id, sensor_id, type, xcoordinate, ycoordinate) values (115, '67522715.0100001.115', 329125, 2, 102.0, 109.0)
GO
insert into sensor (id, epc_id, sensor_id, type, xcoordinate, ycoordinate) values (116, '67522715.0100001.116', 329126, 2, 100.0, 108.0)
GO
insert into sensor (id, epc_id, sensor_id, type, xcoordinate, ycoordinate) values (117, '67522715.0100001.117', 329127, 2, 100.26, 108.72)
GO
insert into sensor (id, epc_id, sensor_id, type, xcoordinate, ycoordinate) values (118, '67522715.0100001.118', 175000, 2, 102.0, 111.0)
GO
insert into sensor (id, epc_id, sensor_id, type, xcoordinate, ycoordinate) values (119, '67522715.0100001.119', 175500, 2, 85.0, 119.0)
GO
insert into sensor (id, epc_id, sensor_id, type, xcoordinate, ycoordinate) values (120, '67522715.0100001.120', 175545, 2, 99.5, 109.4)
GO
insert into sensor (id, epc_id, sensor_id, type, xcoordinate, ycoordinate) values (121, '67522715.0100001.121', 329128, 2, 99.0, 108.0)
GO
insert into sensor (id, epc_id, sensor_id, type, xcoordinate, ycoordinate) values (122, '67522715.0100001.122', 329129, 2, 98.0, 109.0)
GO
insert into sensor (id, epc_id, sensor_id, type, xcoordinate, ycoordinate) values (123, '67522715.0100001.123', 329130, 2, 97.0, 108.0)
GO
insert into sensor (id, epc_id, sensor_id, type, xcoordinate, ycoordinate) values (124, '67522715.0100001.124', 329131, 2, 96.0, 109.0)
GO
insert into sensor (id, epc_id, sensor_id, type, xcoordinate, ycoordinate) values (125, '67522715.0100001.125', 329132, 2, 95.0, 109.0)
GO
insert into sensor (id, epc_id, sensor_id, type, xcoordinate, ycoordinate) values (126, '67522715.0100001.126', 329133, 2, 94.0, 108.0)
GO
insert into sensor (id, epc_id, sensor_id, type, xcoordinate, ycoordinate) values (127, '67522715.0100001.127', 329134, 2, 93.0, 109.0)
GO
insert into sensor (id, epc_id, sensor_id, type, xcoordinate, ycoordinate) values (128, '67522715.0100001.128', 329135, 2, 92.0, 108.0)
GO
insert into sensor (id, epc_id, sensor_id, type, xcoordinate, ycoordinate) values (129, '67522715.0100001.129', 329136, 2, 92.0, 109.0)
GO
insert into sensor (id, epc_id, sensor_id, type, xcoordinate, ycoordinate) values (130, '67522715.0100001.130', 329137, 2, 90.0, 108.0)
GO
insert into sensor (id, epc_id, sensor_id, type, xcoordinate, ycoordinate) values (131, '67522715.0100001.131', 329138, 2, 87.0, 121.0)
GO
insert into sensor (id, epc_id, sensor_id, type, xcoordinate, ycoordinate) values (132, '67522715.0100001.132', 329139, 2, 85.0, 119.0)
GO
insert into sensor (id, epc_id, sensor_id, type, xcoordinate, ycoordinate) values (133, '67522715.0100001.133', 174000, 2, 78.0, 118.0)
GO
insert into sensor (id, epc_id, sensor_id, type, xcoordinate, ycoordinate) values (134, '67522715.0100001.134', 175000, 2, 85.0, 112.0)
GO
insert into sensor (id, epc_id, sensor_id, type, xcoordinate, ycoordinate) values (135, '67522715.0100001.135', 175000, 2, 85.0, 110.0)
GO
insert into sensor (id, epc_id, sensor_id, type, xcoordinate, ycoordinate) values (136, '67522715.0100001.136', 174460, 2, 78.0, 107.0)
GO
insert into sensor (id, epc_id, sensor_id, type, xcoordinate, ycoordinate) values (151, '67522715.0100001.151', 546151, 2, 88.0, 145.0)
GO
insert into sensor (id, epc_id, sensor_id, type, xcoordinate, ycoordinate) values (152, '67522715.0100001.152', 546152, 2, 96.0, 146.5)
GO
insert into sensor (id, epc_id, sensor_id, type, xcoordinate, ycoordinate) values (153, '67522715.0100001.153', 546153, 2, 96.0, 146.5)
GO
insert into sensor (id, epc_id, sensor_id, type, xcoordinate, ycoordinate) values (154, '67522715.0100001.154', 546154, 2, 96.0, 144.0)
GO
insert into sensor (id, epc_id, sensor_id, type, xcoordinate, ycoordinate) values (155, '67522715.0100001.155', 546155, 2, 92.0, 147.0)
GO
insert into sensor (id, epc_id, sensor_id, type, xcoordinate, ycoordinate) values (156, '67522715.0100001.156', 546156, 2, 92.0, 146.5)
GO
insert into sensor (id, epc_id, sensor_id, type, xcoordinate, ycoordinate) values (157, '67522715.0100001.157', 546157, 2, 88.0, 143.5)
GO
insert into sensor (id, epc_id, sensor_id, type, xcoordinate, ycoordinate) values (158, '67522715.0100001.158', 546158, 2, 90.0, 142.0)
GO
insert into sensor (id, epc_id, sensor_id, type, xcoordinate, ycoordinate) values (159, '67522715.0100001.159', 546159, 2, 92.0, 142.5)
GO
insert into sensor (id, epc_id, sensor_id, type, xcoordinate, ycoordinate) values (160, '67522715.0100001.160', 546160, 2, 92.0, 142.5)
GO
insert into sensor (id, epc_id, sensor_id, type, xcoordinate, ycoordinate) values (161, '67522715.0100001.161', 546161, 2, 94.0, 142.5)
GO
insert into sensor (id, epc_id, sensor_id, type, xcoordinate, ycoordinate) values (162, '67522715.0100001.162', 546162, 2, 94.0, 142.5)
GO
insert into sensor (id, epc_id, sensor_id, type, xcoordinate, ycoordinate) values (163, '67522715.0100001.163', 546163, 2, 88.0, 141.5)
GO
insert into sensor (id, epc_id, sensor_id, type, xcoordinate, ycoordinate) values (164, '67522715.0100001.164', 546164, 2, 88.0, 141.5)
GO
insert into sensor (id, epc_id, sensor_id, type, xcoordinate, ycoordinate) values (165, '67522715.0100001.165', 546165, 2, 92.0, 140.5)
GO
insert into sensor (id, epc_id, sensor_id, type, xcoordinate, ycoordinate) values (166, '67522715.0100001.166', 16386, 1, 92.0, 140.0)
GO
insert into sensor (id, epc_id, sensor_id, type, xcoordinate, ycoordinate) values (167, '67522715.0100001.167', 546167, 2, 88.0, 140.5)
GO
insert into sensor (id, epc_id, sensor_id, type, xcoordinate, ycoordinate) values (168, '67522715.0100001.168', 546168, 2, 82.0, 140.0)
GO
insert into sensor (id, epc_id, sensor_id, type, xcoordinate, ycoordinate) values (169, '67522715.0100001.169', 546169, 2, 82.0, 140.0)
GO
insert into sensor (id, epc_id, sensor_id, type, xcoordinate, ycoordinate) values (170, '67522715.0100001.170', 546170, 2, 80.0, 140.0)
GO
insert into sensor (id, epc_id, sensor_id, type, xcoordinate, ycoordinate) values (171, '67522715.0100001.171', 546171, 2, 70.0, 140.0)
GO
insert into sensor (id, epc_id, sensor_id, type, xcoordinate, ycoordinate) values (172, '67522715.0100001.172', 546172, 2, 62.0, 140.0)
GO
insert into sensor (id, epc_id, sensor_id, type, xcoordinate, ycoordinate) values (173, '67522715.0100001.173', 546173, 2, 56.0, 140.0)
GO
insert into sensor (id, epc_id, sensor_id, type, xcoordinate, ycoordinate) values (174, '67522715.0100001.174', 546174, 2, 50.0, 140.5)
GO
insert into sensor (id, epc_id, sensor_id, type, xcoordinate, ycoordinate) values (175, '67522715.0100001.175', 546175, 2, 48.0, 140.5)
GO
insert into sensor (id, epc_id, sensor_id, type, xcoordinate, ycoordinate) values (176, '67522715.0100001.176', 546176, 2, 46.0, 140.5)
GO
insert into sensor (id, epc_id, sensor_id, type, xcoordinate, ycoordinate) values (177, '67522715.0100001.177', 546177, 2, 46.0, 146.0)
GO
insert into sensor (id, epc_id, sensor_id, type, xcoordinate, ycoordinate) values (178, '67522715.0100001.178', 546178, 2, 46.0, 147.0)
GO
insert into sensor (id, epc_id, sensor_id, type, xcoordinate, ycoordinate) values (179, '67522715.0100001.179', 546179, 2, 46.0, 150.0)
GO
insert into sensor (id, epc_id, sensor_id, type, xcoordinate, ycoordinate) values (180, '67522715.0100001.180', 546180, 2, 46.0, 151.0)
GO
insert into sensor (id, epc_id, sensor_id, type, xcoordinate, ycoordinate) values (181, '67522715.0100001.181', 546181, 2, 48.0, 151.0)
GO
insert into sensor (id, epc_id, sensor_id, type, xcoordinate, ycoordinate) values (182, '67522715.0100001.182', 546182, 2, 44.0, 151.0)
GO
insert into sensor (id, epc_id, sensor_id, type, xcoordinate, ycoordinate) values (183, '67522715.0100001.183', 546183, 2, 102.0, 140.0)
GO
insert into sensor (id, epc_id, sensor_id, type, xcoordinate, ycoordinate) values (184, '67522715.0100001.184', 546184, 2, 108.0, 140.0)
GO
insert into sensor (id, epc_id, sensor_id, type, xcoordinate, ycoordinate) values (185, '67522715.0100001.185', 546185, 2, 110.0, 140.0)
GO
insert into sensor (id, epc_id, sensor_id, type, xcoordinate, ycoordinate) values (186, '67522715.0100001.186', 546186, 2, 112.0, 140.0)
GO
insert into sensor (id, epc_id, sensor_id, type, xcoordinate, ycoordinate) values (187, '67522715.0100001.187', 546187, 2, 114.0, 140.0)
GO
insert into sensor (id, epc_id, sensor_id, type, xcoordinate, ycoordinate) values (188, '67522715.0100001.188', 546188, 2, 114.0, 141.5)
GO
insert into sensor (id, epc_id, sensor_id, type, xcoordinate, ycoordinate) values (189, '67522715.0100001.189', 546189, 2, 114.0, 141.5)
GO
insert into sensor (id, epc_id, sensor_id, type, xcoordinate, ycoordinate) values (190, '67522715.0100001.190', 546190, 2, 116.0, 142.5)
GO
insert into sensor (id, epc_id, sensor_id, type, xcoordinate, ycoordinate) values (191, '67522715.0100001.191', 546191, 2, 116.0, 144.0)
GO
insert into sensor (id, epc_id, sensor_id, type, xcoordinate, ycoordinate) values (192, '67522715.0100001.192', 546192, 2, 116.0, 146.0)
GO
insert into sensor (id, epc_id, sensor_id, type, xcoordinate, ycoordinate) values (193, '67522715.0100001.193', 546193, 2, 116.0, 146.5)
GO
insert into sensor (id, epc_id, sensor_id, type, xcoordinate, ycoordinate) values (194, '67522715.0100001.194', 546194, 2, 118.0, 147.0)
GO
insert into sensor (id, epc_id, sensor_id, type, xcoordinate, ycoordinate) values (195, '67522715.0100001.195', 546195, 2, 122.0, 146.5)
GO
insert into sensor (id, epc_id, sensor_id, type, xcoordinate, ycoordinate) values (196, '67522715.0100001.196', 546196, 2, 112.0, 146.5)
GO
insert into sensor (id, epc_id, sensor_id, type, xcoordinate, ycoordinate) values (197, '67522715.0100001.197', 546197, 2, 112.0, 145.5)
GO
insert into sensor (id, epc_id, sensor_id, type, xcoordinate, ycoordinate) values (198, '67522715.0100001.198', 546198, 2, 112.0, 145.0)
GO
insert into sensor (id, epc_id, sensor_id, type, xcoordinate, ycoordinate) values (199, '67522715.0100001.199', 546199, 2, 112.0, 143.0)
GO
insert into sensor (id, epc_id, sensor_id, type, xcoordinate, ycoordinate) values (200, '67522715.0100001.200', 546200, 2, 112.0, 142.5)
GO
CREATE TABLE sensor_data ( id NUMERIC(19,0) NOT NULL IDENTITY, record_time DATETIME, sensor_id INT, sensor_type SMALLINT, sensor_value FLOAT(53), PRIMARY KEY (id) )
GO
insert into sensor_data (id, record_time, sensor_id, sensor_type, sensor_value) values (1200, '2014-08-04 06:06:01', 21862, 2, 0.0)
GO
insert into sensor_data (id, record_time, sensor_id, sensor_type, sensor_value) values (1201, '2014-08-04 06:06:01', 21862, 3, 0.0)
GO
insert into sensor_data (id, record_time, sensor_id, sensor_type, sensor_value) values (1202, '2014-08-04 06:06:01', 16387, 1, 32.0)
GO
insert into sensor_data (id, record_time, sensor_id, sensor_type, sensor_value) values (1203, '2014-08-04 06:06:01', 16387, 2, 75.4)
GO
insert into sensor_data (id, record_time, sensor_id, sensor_type, sensor_value) values (1204, '2014-08-04 06:06:01', 16387, 3, 0.0)
GO
insert into sensor_data (id, record_time, sensor_id, sensor_type, sensor_value) values (1205, '2014-08-04 06:06:01', 16386, 1, 31.9)
GO
insert into sensor_data (id, record_time, sensor_id, sensor_type, sensor_value) values (1206, '2014-08-04 06:06:01', 16386, 2, 82.6)
GO
insert into sensor_data (id, record_time, sensor_id, sensor_type, sensor_value) values (1207, '2014-08-04 06:06:01', 16386, 3, 0.0)
GO
insert into sensor_data (id, record_time, sensor_id, sensor_type, sensor_value) values (1208, '2014-08-04 06:53:51', 21862, 1, 0.3)
GO
insert into sensor_data (id, record_time, sensor_id, sensor_type, sensor_value) values (1209, '2014-08-04 06:53:51', 21862, 2, 0.0)
GO
insert into sensor_data (id, record_time, sensor_id, sensor_type, sensor_value) values (1210, '2014-08-04 06:53:51', 21862, 3, 0.0)
GO
insert into sensor_data (id, record_time, sensor_id, sensor_type, sensor_value) values (1211, '2014-08-04 06:53:51', 16387, 1, 32.0)
GO
insert into sensor_data (id, record_time, sensor_id, sensor_type, sensor_value) values (1212, '2014-08-04 06:53:51', 16387, 2, 75.5)
GO
insert into sensor_data (id, record_time, sensor_id, sensor_type, sensor_value) values (1213, '2014-08-04 06:53:51', 16387, 3, 0.0)
GO
insert into sensor_data (id, record_time, sensor_id, sensor_type, sensor_value) values (1214, '2014-08-04 06:53:51', 16386, 1, 31.9)
GO
insert into sensor_data (id, record_time, sensor_id, sensor_type, sensor_value) values (1215, '2014-08-04 06:53:51', 16386, 2, 82.7)
GO
insert into sensor_data (id, record_time, sensor_id, sensor_type, sensor_value) values (1216, '2014-08-04 06:53:51', 16386, 3, 0.0)
GO
insert into sensor_data (id, record_time, sensor_id, sensor_type, sensor_value) values (1217, '2014-08-04 07:41:41', 21862, 1, 0.3)
GO
insert into sensor_data (id, record_time, sensor_id, sensor_type, sensor_value) values (1218, '2014-08-04 07:41:41', 21862, 2, 0.0)
GO
insert into sensor_data (id, record_time, sensor_id, sensor_type, sensor_value) values (1219, '2014-08-04 07:41:41', 21862, 3, 0.0)
GO
insert into sensor_data (id, record_time, sensor_id, sensor_type, sensor_value) values (1220, '2014-08-04 07:41:41', 16387, 1, 32.0)
GO
insert into sensor_data (id, record_time, sensor_id, sensor_type, sensor_value) values (1221, '2014-08-04 07:41:41', 16387, 2, 75.8)
GO
insert into sensor_data (id, record_time, sensor_id, sensor_type, sensor_value) values (1222, '2014-08-04 07:41:41', 16387, 3, 0.0)
GO
insert into sensor_data (id, record_time, sensor_id, sensor_type, sensor_value) values (1223, '2014-08-04 07:41:41', 16386, 1, 31.8)
GO
insert into sensor_data (id, record_time, sensor_id, sensor_type, sensor_value) values (1224, '2014-08-04 07:41:41', 16386, 2, 82.8)
GO
insert into sensor_data (id, record_time, sensor_id, sensor_type, sensor_value) values (1225, '2014-08-04 07:41:41', 16386, 3, 0.0)
GO
insert into sensor_data (id, record_time, sensor_id, sensor_type, sensor_value) values (1226, '2014-08-04 08:29:35', 21862, 1, 0.2)
GO
insert into sensor_data (id, record_time, sensor_id, sensor_type, sensor_value) values (1227, '2014-08-04 08:29:35', 21862, 2, 0.0)
GO
insert into sensor_data (id, record_time, sensor_id, sensor_type, sensor_value) values (1228, '2014-08-04 08:29:35', 21862, 3, 0.0)
GO
insert into sensor_data (id, record_time, sensor_id, sensor_type, sensor_value) values (1229, '2014-08-04 08:29:35', 16386, 1, 31.8)
GO
insert into sensor_data (id, record_time, sensor_id, sensor_type, sensor_value) values (1230, '2014-08-04 08:29:35', 16386, 2, 82.9)
GO
insert into sensor_data (id, record_time, sensor_id, sensor_type, sensor_value) values (1231, '2014-08-04 08:29:35', 16386, 3, 0.0)
GO
insert into sensor_data (id, record_time, sensor_id, sensor_type, sensor_value) values (1232, '2014-08-04 08:29:35', 16387, 1, 32.0)
GO
insert into sensor_data (id, record_time, sensor_id, sensor_type, sensor_value) values (1233, '2014-08-04 08:29:35', 16387, 2, 75.8)
GO
insert into sensor_data (id, record_time, sensor_id, sensor_type, sensor_value) values (1234, '2014-08-04 08:29:35', 16387, 3, 0.0)
GO
insert into sensor_data (id, record_time, sensor_id, sensor_type, sensor_value) values (1235, '2014-08-04 09:17:24', 21862, 1, 0.2)
GO
insert into sensor_data (id, record_time, sensor_id, sensor_type, sensor_value) values (1236, '2014-08-04 09:17:24', 21862, 2, 0.0)
GO
insert into sensor_data (id, record_time, sensor_id, sensor_type, sensor_value) values (1237, '2014-08-04 09:17:24', 21862, 3, 0.0)
GO
insert into sensor_data (id, record_time, sensor_id, sensor_type, sensor_value) values (1238, '2014-08-04 09:17:24', 16386, 1, 31.9)
GO
insert into sensor_data (id, record_time, sensor_id, sensor_type, sensor_value) values (1239, '2014-08-04 09:17:24', 16386, 2, 83.1)
GO
insert into sensor_data (id, record_time, sensor_id, sensor_type, sensor_value) values (1240, '2014-08-04 09:17:24', 16386, 3, 0.0)
GO
insert into sensor_data (id, record_time, sensor_id, sensor_type, sensor_value) values (1241, '2014-08-04 09:17:24', 16387, 1, 32.0)
GO
insert into sensor_data (id, record_time, sensor_id, sensor_type, sensor_value) values (1242, '2014-08-04 09:17:24', 16387, 2, 75.7)
GO
insert into sensor_data (id, record_time, sensor_id, sensor_type, sensor_value) values (1243, '2014-08-04 09:17:24', 16387, 3, 0.0)
GO
insert into sensor_data (id, record_time, sensor_id, sensor_type, sensor_value) values (1244, '2014-08-04 10:05:17', 21862, 1, 0.2)
GO
insert into sensor_data (id, record_time, sensor_id, sensor_type, sensor_value) values (1245, '2014-08-04 10:05:17', 21862, 2, 0.0)
GO
insert into sensor_data (id, record_time, sensor_id, sensor_type, sensor_value) values (1246, '2014-08-04 10:05:17', 21862, 3, 0.0)
GO
insert into sensor_data (id, record_time, sensor_id, sensor_type, sensor_value) values (1247, '2014-08-04 10:05:17', 16386, 1, 30.6)
GO
insert into sensor_data (id, record_time, sensor_id, sensor_type, sensor_value) values (1248, '2014-08-04 10:05:17', 16386, 2, 67.5)
GO
insert into sensor_data (id, record_time, sensor_id, sensor_type, sensor_value) values (1249, '2014-08-04 10:05:17', 16386, 3, 0.0)
GO
insert into sensor_data (id, record_time, sensor_id, sensor_type, sensor_value) values (1250, '2014-08-04 10:05:17', 16387, 1, 31.4)
GO
insert into sensor_data (id, record_time, sensor_id, sensor_type, sensor_value) values (1251, '2014-08-04 10:05:17', 16387, 2, 63.6)
GO
insert into sensor_data (id, record_time, sensor_id, sensor_type, sensor_value) values (1252, '2014-08-04 10:05:17', 16387, 3, 0.0)
GO
insert into sensor_data (id, record_time, sensor_id, sensor_type, sensor_value) values (1253, '2014-08-04 11:41:35', 21862, 1, 0.3)
GO
insert into sensor_data (id, record_time, sensor_id, sensor_type, sensor_value) values (1254, '2014-08-04 11:41:35', 21862, 2, 0.0)
GO
insert into sensor_data (id, record_time, sensor_id, sensor_type, sensor_value) values (1255, '2014-08-04 11:41:35', 21862, 3, 0.0)
GO
insert into sensor_data (id, record_time, sensor_id, sensor_type, sensor_value) values (1256, '2014-08-04 11:41:35', 16387, 1, 29.3)
GO
insert into sensor_data (id, record_time, sensor_id, sensor_type, sensor_value) values (1257, '2014-08-04 11:41:35', 16387, 2, 60.8)
GO
insert into sensor_data (id, record_time, sensor_id, sensor_type, sensor_value) values (1258, '2014-08-04 11:41:35', 16387, 3, 0.0)
GO
insert into sensor_data (id, record_time, sensor_id, sensor_type, sensor_value) values (1259, '2014-08-04 11:41:35', 16386, 1, 28.5)
GO
insert into sensor_data (id, record_time, sensor_id, sensor_type, sensor_value) values (1260, '2014-08-04 11:41:35', 16386, 2, 69.3)
GO
insert into sensor_data (id, record_time, sensor_id, sensor_type, sensor_value) values (1261, '2014-08-04 11:41:35', 16386, 3, 0.0)
GO
insert into sensor_data (id, record_time, sensor_id, sensor_type, sensor_value) values (1262, '2014-08-04 12:29:33', 21862, 1, 0.3)
GO
insert into sensor_data (id, record_time, sensor_id, sensor_type, sensor_value) values (1263, '2014-08-04 12:29:33', 21862, 2, 0.0)
GO
insert into sensor_data (id, record_time, sensor_id, sensor_type, sensor_value) values (1264, '2014-08-04 12:29:33', 21862, 3, 0.0)
GO
insert into sensor_data (id, record_time, sensor_id, sensor_type, sensor_value) values (1265, '2014-08-04 12:29:33', 16387, 1, 28.8)
GO
insert into sensor_data (id, record_time, sensor_id, sensor_type, sensor_value) values (1266, '2014-08-04 12:29:33', 16387, 2, 58.0)
GO
insert into sensor_data (id, record_time, sensor_id, sensor_type, sensor_value) values (1267, '2014-08-04 12:29:33', 16387, 3, 0.0)
GO
insert into sensor_data (id, record_time, sensor_id, sensor_type, sensor_value) values (1268, '2014-08-04 12:29:33', 16386, 1, 28.2)
GO
insert into sensor_data (id, record_time, sensor_id, sensor_type, sensor_value) values (1269, '2014-08-04 12:29:33', 16386, 2, 63.0)
GO
insert into sensor_data (id, record_time, sensor_id, sensor_type, sensor_value) values (1270, '2014-08-04 12:29:33', 16386, 3, 0.0)
GO
insert into sensor_data (id, record_time, sensor_id, sensor_type, sensor_value) values (1271, '2014-08-04 13:17:28', 21862, 1, 0.3)
GO
insert into sensor_data (id, record_time, sensor_id, sensor_type, sensor_value) values (1272, '2014-08-04 13:17:28', 21862, 2, 0.0)
GO
insert into sensor_data (id, record_time, sensor_id, sensor_type, sensor_value) values (1273, '2014-08-04 13:17:28', 21862, 3, 0.0)
GO
insert into sensor_data (id, record_time, sensor_id, sensor_type, sensor_value) values (1274, '2014-08-04 13:17:28', 16387, 1, 28.3)
GO
insert into sensor_data (id, record_time, sensor_id, sensor_type, sensor_value) values (1275, '2014-08-04 13:17:28', 16387, 2, 49.7)
GO
insert into sensor_data (id, record_time, sensor_id, sensor_type, sensor_value) values (1276, '2014-08-04 13:17:28', 16387, 3, 0.0)
GO
insert into sensor_data (id, record_time, sensor_id, sensor_type, sensor_value) values (1277, '2014-08-04 13:17:28', 16386, 1, 27.6)
GO
insert into sensor_data (id, record_time, sensor_id, sensor_type, sensor_value) values (1278, '2014-08-04 13:17:28', 16386, 2, 56.2)
GO
insert into sensor_data (id, record_time, sensor_id, sensor_type, sensor_value) values (1279, '2014-08-04 13:17:28', 16386, 3, 0.0)
GO
insert into sensor_data (id, record_time, sensor_id, sensor_type, sensor_value) values (1280, '2014-08-04 14:05:24', 21862, 1, 0.2)
GO
insert into sensor_data (id, record_time, sensor_id, sensor_type, sensor_value) values (1281, '2014-08-04 14:05:24', 21862, 2, 0.0)
GO
insert into sensor_data (id, record_time, sensor_id, sensor_type, sensor_value) values (1282, '2014-08-04 14:05:24', 21862, 3, 0.0)
GO
insert into sensor_data (id, record_time, sensor_id, sensor_type, sensor_value) values (1283, '2014-08-04 14:05:24', 16386, 1, 28.1)
GO
insert into sensor_data (id, record_time, sensor_id, sensor_type, sensor_value) values (1284, '2014-08-04 14:05:24', 16386, 2, 64.9)
GO
insert into sensor_data (id, record_time, sensor_id, sensor_type, sensor_value) values (1285, '2014-08-04 14:05:24', 16386, 3, 0.0)
GO
insert into sensor_data (id, record_time, sensor_id, sensor_type, sensor_value) values (1286, '2014-08-04 14:05:24', 16387, 1, 28.3)
GO
insert into sensor_data (id, record_time, sensor_id, sensor_type, sensor_value) values (1287, '2014-08-04 14:05:24', 16387, 2, 58.8)
GO
insert into sensor_data (id, record_time, sensor_id, sensor_type, sensor_value) values (1288, '2014-08-04 14:05:24', 16387, 3, 0.0)
GO
insert into sensor_data (id, record_time, sensor_id, sensor_type, sensor_value) values (1289, '2014-08-04 14:53:37', 21862, 1, 0.3)
GO
insert into sensor_data (id, record_time, sensor_id, sensor_type, sensor_value) values (1290, '2014-08-04 14:53:37', 21862, 2, 0.0)
GO
insert into sensor_data (id, record_time, sensor_id, sensor_type, sensor_value) values (1291, '2014-08-04 14:53:37', 21862, 3, 0.0)
GO
insert into sensor_data (id, record_time, sensor_id, sensor_type, sensor_value) values (1292, '2014-08-04 14:53:37', 16387, 1, 27.9)
GO
insert into sensor_data (id, record_time, sensor_id, sensor_type, sensor_value) values (1293, '2014-08-04 14:53:37', 16387, 2, 46.7)
GO
insert into sensor_data (id, record_time, sensor_id, sensor_type, sensor_value) values (1294, '2014-08-04 14:53:37', 16387, 3, 0.0)
GO
insert into sensor_data (id, record_time, sensor_id, sensor_type, sensor_value) values (1295, '2014-08-04 14:53:37', 16386, 1, 27.4)
GO
insert into sensor_data (id, record_time, sensor_id, sensor_type, sensor_value) values (1296, '2014-08-04 14:53:37', 16386, 2, 56.1)
GO
insert into sensor_data (id, record_time, sensor_id, sensor_type, sensor_value) values (1297, '2014-08-04 14:53:37', 16386, 3, 0.0)
GO
insert into sensor_data (id, record_time, sensor_id, sensor_type, sensor_value) values (1298, '2014-08-04 15:41:34', 21862, 1, 0.3)
GO
insert into sensor_data (id, record_time, sensor_id, sensor_type, sensor_value) values (1299, '2014-08-04 15:41:34', 21862, 2, 0.0)
GO
insert into sensor_data (id, record_time, sensor_id, sensor_type, sensor_value) values (1300, '2014-08-04 15:41:34', 21862, 3, 0.0)
GO
insert into sensor_data (id, record_time, sensor_id, sensor_type, sensor_value) values (1301, '2014-08-04 15:41:34', 16387, 1, 28.0)
GO
insert into sensor_data (id, record_time, sensor_id, sensor_type, sensor_value) values (1302, '2014-08-04 15:41:34', 16387, 2, 60.6)
GO
insert into sensor_data (id, record_time, sensor_id, sensor_type, sensor_value) values (1303, '2014-08-04 15:41:34', 16387, 3, 0.0)
GO
insert into sensor_data (id, record_time, sensor_id, sensor_type, sensor_value) values (1304, '2014-08-04 15:41:34', 16386, 1, 28.0)
GO
insert into sensor_data (id, record_time, sensor_id, sensor_type, sensor_value) values (1305, '2014-08-04 15:41:34', 16386, 2, 67.3)
GO
insert into sensor_data (id, record_time, sensor_id, sensor_type, sensor_value) values (1306, '2014-08-04 15:41:34', 16386, 3, 0.0)
GO
insert into sensor_data (id, record_time, sensor_id, sensor_type, sensor_value) values (1307, '2014-08-04 16:29:29', 21862, 1, 0.2)
GO
insert into sensor_data (id, record_time, sensor_id, sensor_type, sensor_value) values (1308, '2014-08-04 16:29:29', 21862, 2, 0.0)
GO
insert into sensor_data (id, record_time, sensor_id, sensor_type, sensor_value) values (1309, '2014-08-04 16:29:29', 21862, 3, 0.0)
GO
insert into sensor_data (id, record_time, sensor_id, sensor_type, sensor_value) values (1310, '2014-08-04 16:29:29', 16386, 1, 28.5)
GO
insert into sensor_data (id, record_time, sensor_id, sensor_type, sensor_value) values (1311, '2014-08-04 16:29:29', 16386, 2, 69.6)
GO
insert into sensor_data (id, record_time, sensor_id, sensor_type, sensor_value) values (1312, '2014-08-04 16:29:29', 16386, 3, 0.0)
GO
insert into sensor_data (id, record_time, sensor_id, sensor_type, sensor_value) values (1313, '2014-08-04 16:29:29', 16387, 1, 28.4)
GO
insert into sensor_data (id, record_time, sensor_id, sensor_type, sensor_value) values (1314, '2014-08-04 16:29:29', 16387, 2, 63.5)
GO
insert into sensor_data (id, record_time, sensor_id, sensor_type, sensor_value) values (1315, '2014-08-04 16:29:29', 16387, 3, 0.0)
GO
insert into sensor_data (id, record_time, sensor_id, sensor_type, sensor_value) values (1316, '2014-08-04 17:17:23', 21862, 1, 0.2)
GO
insert into sensor_data (id, record_time, sensor_id, sensor_type, sensor_value) values (1317, '2014-08-04 17:17:23', 21862, 2, 0.0)
GO
insert into sensor_data (id, record_time, sensor_id, sensor_type, sensor_value) values (1318, '2014-08-04 17:17:23', 21862, 3, 0.0)
GO
insert into sensor_data (id, record_time, sensor_id, sensor_type, sensor_value) values (1319, '2014-08-04 17:17:23', 16386, 1, 28.5)
GO
insert into sensor_data (id, record_time, sensor_id, sensor_type, sensor_value) values (1320, '2014-08-04 17:17:23', 16386, 2, 68.9)
GO
insert into sensor_data (id, record_time, sensor_id, sensor_type, sensor_value) values (1321, '2014-08-04 17:17:23', 16386, 3, 0.0)
GO
insert into sensor_data (id, record_time, sensor_id, sensor_type, sensor_value) values (1322, '2014-08-04 17:17:23', 16387, 1, 28.6)
GO
insert into sensor_data (id, record_time, sensor_id, sensor_type, sensor_value) values (1323, '2014-08-04 17:17:23', 16387, 2, 62.5)
GO
insert into sensor_data (id, record_time, sensor_id, sensor_type, sensor_value) values (1324, '2014-08-04 17:17:23', 16387, 3, 0.0)
GO
insert into sensor_data (id, record_time, sensor_id, sensor_type, sensor_value) values (1325, '2014-08-04 18:05:20', 21862, 1, 0.2)
GO
insert into sensor_data (id, record_time, sensor_id, sensor_type, sensor_value) values (1326, '2014-08-04 18:05:20', 21862, 2, 0.0)
GO
insert into sensor_data (id, record_time, sensor_id, sensor_type, sensor_value) values (1327, '2014-08-04 18:05:20', 21862, 3, 0.0)
GO
insert into sensor_data (id, record_time, sensor_id, sensor_type, sensor_value) values (1328, '2014-08-04 18:05:20', 16386, 1, 29.0)
GO
insert into sensor_data (id, record_time, sensor_id, sensor_type, sensor_value) values (1329, '2014-08-04 18:05:20', 16386, 2, 73.3)
GO
insert into sensor_data (id, record_time, sensor_id, sensor_type, sensor_value) values (1330, '2014-08-04 18:05:20', 16386, 3, 0.0)
GO
insert into sensor_data (id, record_time, sensor_id, sensor_type, sensor_value) values (1331, '2014-08-04 18:05:20', 16387, 1, 28.9)
GO
insert into sensor_data (id, record_time, sensor_id, sensor_type, sensor_value) values (1332, '2014-08-04 18:05:20', 16387, 2, 66.2)
GO
insert into sensor_data (id, record_time, sensor_id, sensor_type, sensor_value) values (1333, '2014-08-04 18:05:20', 16387, 3, 0.0)
GO
insert into sensor_data (id, record_time, sensor_id, sensor_type, sensor_value) values (1334, '2014-08-04 18:53:21', 21862, 1, 0.3)
GO
insert into sensor_data (id, record_time, sensor_id, sensor_type, sensor_value) values (1335, '2014-08-04 18:53:21', 21862, 2, 0.0)
GO
insert into sensor_data (id, record_time, sensor_id, sensor_type, sensor_value) values (1336, '2014-08-04 18:53:21', 21862, 3, 0.0)
GO
insert into sensor_data (id, record_time, sensor_id, sensor_type, sensor_value) values (1337, '2014-08-04 18:53:21', 16387, 1, 29.4)
GO
insert into sensor_data (id, record_time, sensor_id, sensor_type, sensor_value) values (1338, '2014-08-04 18:53:21', 16387, 2, 68.0)
GO
insert into sensor_data (id, record_time, sensor_id, sensor_type, sensor_value) values (1339, '2014-08-04 18:53:21', 16387, 3, 0.0)
GO
insert into sensor_data (id, record_time, sensor_id, sensor_type, sensor_value) values (1340, '2014-08-04 18:53:21', 16386, 1, 29.7)
GO
insert into sensor_data (id, record_time, sensor_id, sensor_type, sensor_value) values (1341, '2014-08-04 18:53:21', 16386, 2, 74.6)
GO
insert into sensor_data (id, record_time, sensor_id, sensor_type, sensor_value) values (1342, '2014-08-04 18:53:21', 16386, 3, 0.0)
GO
insert into sensor_data (id, record_time, sensor_id, sensor_type, sensor_value) values (1343, '2014-08-04 19:41:22', 21862, 1, 0.3)
GO
insert into sensor_data (id, record_time, sensor_id, sensor_type, sensor_value) values (1344, '2014-08-04 19:41:22', 21862, 2, 0.0)
GO
insert into sensor_data (id, record_time, sensor_id, sensor_type, sensor_value) values (1345, '2014-08-04 19:41:22', 21862, 3, 0.0)
GO
insert into sensor_data (id, record_time, sensor_id, sensor_type, sensor_value) values (1346, '2014-08-04 19:41:22', 16387, 1, 29.9)
GO
insert into sensor_data (id, record_time, sensor_id, sensor_type, sensor_value) values (1347, '2014-08-04 19:41:22', 16387, 2, 69.0)
GO
insert into sensor_data (id, record_time, sensor_id, sensor_type, sensor_value) values (1348, '2014-08-04 19:41:22', 16387, 3, 0.0)
GO
insert into sensor_data (id, record_time, sensor_id, sensor_type, sensor_value) values (1349, '2014-08-04 19:41:22', 16386, 1, 30.1)
GO
insert into sensor_data (id, record_time, sensor_id, sensor_type, sensor_value) values (1350, '2014-08-04 19:41:22', 16386, 2, 75.0)
GO
insert into sensor_data (id, record_time, sensor_id, sensor_type, sensor_value) values (1351, '2014-08-04 19:41:22', 16386, 3, 0.0)
GO
CREATE TABLE sensor_lastdata ( id NUMERIC(19,0) NOT NULL IDENTITY, sensor_id INT, sensor_lastvalue FLOAT(53), sensor_type SMALLINT, update_time DATETIME, PRIMARY KEY (id) )
GO
insert into sensor_lastdata (id, sensor_id, sensor_lastvalue, sensor_type, update_time) values (11, 16385, 25.1, 1, '2014-08-01 00:50:09')
GO
insert into sensor_lastdata (id, sensor_id, sensor_lastvalue, sensor_type, update_time) values (12, 16385, 25.1, 2, '2014-08-01 00:50:09')
GO
insert into sensor_lastdata (id, sensor_id, sensor_lastvalue, sensor_type, update_time) values (13, 16385, 251.0, 3, '2014-08-01 00:50:09')
GO
insert into sensor_lastdata (id, sensor_id, sensor_lastvalue, sensor_type, update_time) values (14, 16386, 30.1, 1, '2014-08-04 19:41:22')
GO
insert into sensor_lastdata (id, sensor_id, sensor_lastvalue, sensor_type, update_time) values (15, 16386, 75.0, 2, '2014-08-04 19:41:22')
GO
insert into sensor_lastdata (id, sensor_id, sensor_lastvalue, sensor_type, update_time) values (16, 16386, 0.0, 3, '2014-08-04 19:41:22')
GO
insert into sensor_lastdata (id, sensor_id, sensor_lastvalue, sensor_type, update_time) values (17, 21862, 0.3, 1, '2014-08-04 19:41:22')
GO
insert into sensor_lastdata (id, sensor_id, sensor_lastvalue, sensor_type, update_time) values (18, 21862, 0.0, 2, '2014-08-04 19:41:22')
GO
insert into sensor_lastdata (id, sensor_id, sensor_lastvalue, sensor_type, update_time) values (19, 21862, 0.0, 3, '2014-08-04 19:41:22')
GO
insert into sensor_lastdata (id, sensor_id, sensor_lastvalue, sensor_type, update_time) values (20, 16387, 29.9, 1, '2014-08-04 19:41:22')
GO
insert into sensor_lastdata (id, sensor_id, sensor_lastvalue, sensor_type, update_time) values (21, 16387, 69.0, 2, '2014-08-04 19:41:22')
GO
insert into sensor_lastdata (id, sensor_id, sensor_lastvalue, sensor_type, update_time) values (22, 16387, 0.0, 3, '2014-08-04 19:41:22')
GO
CREATE TABLE sys_user ( id NUMERIC(19,0) NOT NULL IDENTITY, email VARCHAR(30) COLLATE Chinese_PRC_CI_AS, last_logintime DATETIME, password VARCHAR(32) COLLATE Chinese_PRC_CI_AS NOT NULL, real_name VARCHAR(30) COLLATE Chinese_PRC_CI_AS, role SMALLINT NOT NULL, tel VARCHAR(15) COLLATE Chinese_PRC_CI_AS, user_name VARCHAR(30) COLLATE Chinese_PRC_CI_AS NOT NULL, birthday DATETIME, department_key VARCHAR(20) COLLATE Chinese_PRC_CI_AS, phone VARCHAR(20) COLLATE Chinese_PRC_CI_AS, sex SMALLINT, PRIMARY KEY (id), UNIQUE (user_name) )
GO
insert into sys_user (id, email, last_logintime, password, real_name, role, tel, user_name, birthday, department_key, phone, sex) values (1, '1298588579@qq.com', '2014-11-21 12:16:20', 'e10adc3949ba59abbe56e057f20f883e', '杨添', 1, null, 'admin', null, null, null, null)
GO
insert into sys_user (id, email, last_logintime, password, real_name, role, tel, user_name, birthday, department_key, phone, sex) values (2, null, '2014-11-20 12:39:43', 'e10adc3949ba59abbe56e057f20f883e', '测试', 3, null, 'test', null, null, null, null)
GO
ALTER TABLE attachment ADD CONSTRAINT FK8AF7592335EB87D FOREIGN KEY (forestrytype_id) REFERENCES forestry_type (id)
GO
ALTER TABLE forestry ADD CONSTRAINT FK1BD95724536DA021 FOREIGN KEY (type_id) REFERENCES forestry_type (id)
GO
